"ea_number","village","island","total_interviews","interviews_with_errors","interviews_clean","completed","interviewer_assigned","supervisor_assigned","approved_by_hq","rejected_by_supervisor","total_households","total_population","total_males","total_females","male_percentage","female_percentage","gender_ratio","average_hh_size","error_rate","completion_rate","unique_interviewers"
"10100100","101 - Tabewa","1 - Banaba",4,0,4,0,0,0,0,0,4,15,6,9,40,60,0.67,3.75,0,0,1
"10200201","102 - Antereen","1 - Banaba",24,0,24,0,0,0,0,0,24,76,37,39,48.7,51.3,0.95,3.8,0,0,1
"10200202","102 - Antereen","1 - Banaba",13,0,13,0,0,0,0,0,13,58,31,27,53.4,46.6,1.15,4.46,0,0,1
"10300301","103 - Uma","1 - Banaba",31,0,31,0,0,0,0,0,31,81,44,37,54.3,45.7,1.19,3.52,0,0,1
"10300302","103 - Uma","1 - Banaba",18,0,18,0,0,0,0,1,18,79,36,43,45.6,54.4,0.84,4.94,0,0,2
"100100100","1001 - Oneeke","10 - Kuria",66,0,66,0,0,0,3,0,66,268,124,144,46.3,53.7,0.86,4.7,0,0,1
"100200201","1002 - Marenaua","10 - Kuria",32,0,32,0,0,0,0,0,32,140,68,72,48.6,51.4,0.94,5.19,0,0,1
"100200202","1002 - Marenaua","10 - Kuria",25,0,25,0,0,0,2,0,25,93,45,48,48.4,51.6,0.94,3.72,0,0,1
"100300300","1003 - Tabontebike","10 - Kuria",22,0,22,0,0,0,1,0,22,81,42,39,51.9,48.1,1.08,4.05,0,0,1
"100400400","1004 - Buariki","10 - Kuria",55,0,55,2,0,0,0,1,55,195,102,93,52.3,47.7,1.1,4.76,0,3.6,1
"100500500","1005 - Norauea","10 - Kuria",77,0,77,5,0,0,1,9,77,300,151,149,50.3,49.7,1.01,4.62,0,6.5,2
"100600600","1006 - Bouatoa","10 - Kuria",43,0,43,0,0,0,0,0,43,119,64,55,53.8,46.2,1.16,3.97,0,0,1
"110100101","1101 - Takaeang","11 - Aranuka",51,0,51,0,0,0,1,0,51,147,72,75,49,51,0.96,3.59,0,0,1
"110100102","1101 - Takaeang","11 - Aranuka",41,0,41,0,0,0,0,0,41,140,74,66,52.9,47.1,1.12,4.24,0,0,1
"110200201","1102 - Buariki","11 - Aranuka",54,0,54,0,0,0,0,0,54,145,72,73,49.7,50.3,0.99,3.72,0,0,1
"110200202","1102 - Buariki","11 - Aranuka",60,0,60,0,0,0,2,0,60,169,88,81,52.1,47.9,1.09,3.54,0,0,1
"110200203","1102 - Buariki","11 - Aranuka",65,0,65,0,0,0,0,0,65,249,122,127,49,51,0.96,4.61,0,0,1
"110200204","1102 - Buariki","11 - Aranuka",34,0,34,0,0,0,0,0,34,91,51,40,56,44,1.27,3.79,0,0,1
"110300301","1103 - Baurua","11 - Aranuka",47,0,47,0,0,0,0,0,47,128,61,67,47.7,52.3,0.91,3.2,0,0,1
"110300302","1103 - Baurua","11 - Aranuka",42,0,42,0,0,0,0,0,42,142,71,71,50,50,1,4.3,0,0,1
"120100100","1201 - Abamakoro","12 - Nonouti",30,0,30,0,0,0,0,0,30,107,59,48,55.1,44.9,1.23,4.12,0,0,1
"120200200","1202 - Benuaroa","12 - Nonouti",46,1,45,0,0,0,1,0,46,161,85,76,52.8,47.2,1.12,4.24,2.2,0,1
"120300300","1203 - Teuaba","12 - Nonouti",63,1,62,0,0,0,0,0,63,230,120,110,52.2,47.8,1.09,4.6,1.6,0,1
"120400401","1204 - Temanoku","12 - Nonouti",41,0,41,0,0,0,0,0,41,117,60,57,51.3,48.7,1.05,4.18,0,0,1
"120400402","1204 - Temanoku","12 - Nonouti",38,0,38,0,0,0,0,0,38,121,70,51,57.9,42.1,1.37,4.17,0,0,1
"120500501","1205 - Rotuma","12 - Nonouti",64,0,64,0,0,0,1,0,64,255,117,138,45.9,54.1,0.85,4.9,0,0,1
"120500502","1205 - Rotuma","12 - Nonouti",42,0,42,0,0,0,0,0,42,170,122,48,71.8,28.2,2.54,5.48,0,0,1
"120600600","1206 - Autukia","12 - Nonouti",23,1,22,0,0,0,1,0,23,75,40,35,53.3,46.7,1.14,4.17,4.3,0,1
"120700701","1207 - Matang","12 - Nonouti",37,3,34,0,0,0,0,0,37,139,65,74,46.8,53.2,0.88,4.79,8.1,0,1
"120700702","1207 - Matang","12 - Nonouti",40,1,39,0,0,0,0,0,40,148,80,68,54.1,45.9,1.18,4.48,2.5,0,1
"120700703","1207 - Matang","12 - Nonouti",46,0,46,0,0,0,1,0,46,131,65,66,49.6,50.4,0.98,3.85,0,0,1
"120700704","1207 - Matang","12 - Nonouti",35,0,35,0,0,0,0,0,35,114,54,60,47.4,52.6,0.9,4.75,0,0,1
"120800801","1208 - Taboiaki","12 - Nonouti",37,0,37,0,0,0,0,0,37,157,90,67,57.3,42.7,1.34,4.62,0,0,1
"120800802","1208 - Taboiaki","12 - Nonouti",30,0,30,0,0,0,1,1,30,102,53,49,52,48,1.08,4.08,0,0,1
"120800803","1208 - Taboiaki","12 - Nonouti",35,1,34,0,0,0,0,0,35,156,79,77,50.6,49.4,1.03,4.73,2.9,0,1
"120800804","1208 - Taboiaki","12 - Nonouti",35,0,35,0,0,0,0,0,35,107,57,50,53.3,46.7,1.14,4.46,0,0,1
"120800805","1208 - Taboiaki","12 - Nonouti",42,0,42,0,0,0,0,1,42,152,72,80,47.4,52.6,0.9,4.34,0,0,1
"120900900","1209 - Temotu","12 - Nonouti",59,0,59,0,0,0,0,0,59,193,106,87,54.9,45.1,1.22,4.02,0,0,1
"130100100","1301 - Tekabwibwi","13 - North Tabiteuea",44,0,44,0,0,0,0,0,44,179,102,77,57,43,1.32,4.84,0,0,1
"130200200","1302 - Tekaman","13 - North Tabiteuea",68,0,68,0,0,0,0,0,68,231,120,111,51.9,48.1,1.08,4.36,0,0,1
"130300301","1303 - Tanaeang","13 - North Tabiteuea",68,3,65,0,0,0,0,0,68,248,130,118,52.4,47.6,1.1,4.35,4.4,0,1
"130300302","1303 - Tanaeang","13 - North Tabiteuea",64,2,62,0,0,0,0,0,64,334,168,166,50.3,49.7,1.01,6.07,3.1,0,1
"130400401","1304 - Buota","13 - North Tabiteuea",66,5,61,0,0,0,0,3,66,257,133,124,51.8,48.2,1.07,5.08,7.6,0,1
"130400402","1304 - Buota","13 - North Tabiteuea",46,2,44,0,0,0,0,0,46,189,90,99,47.6,52.4,0.91,5.25,4.3,0,1
"130500501","1305 - Terikiai","13 - North Tabiteuea",53,0,53,0,0,0,0,0,53,185,96,89,51.9,48.1,1.08,4.2,0,0,1
"130500502","1305 - Terikiai","13 - North Tabiteuea",39,0,39,0,0,0,0,0,39,193,107,86,55.4,44.6,1.24,5.22,0,0,1
"130600601","1306 - Eita","13 - North Tabiteuea",53,6,47,0,0,0,0,2,53,145,74,71,51,49,1.04,4.45,11.3,0,1
"130600602","1306 - Eita","13 - North Tabiteuea",33,2,31,0,0,0,0,0,33,139,65,74,46.8,53.2,0.88,4.96,6.1,0,1
"130600603","1306 - Eita","13 - North Tabiteuea",27,0,27,0,0,0,0,0,27,117,56,61,47.9,52.1,0.92,4.88,0,0,1
"130600604","1306 - Eita","13 - North Tabiteuea",55,1,54,0,0,0,0,0,55,522,170,352,32.6,67.4,0.48,11.35,1.8,0,1
"130700701","1307 - Utiroa","13 - North Tabiteuea",51,4,47,0,0,0,0,0,51,160,77,83,48.1,51.9,0.93,4.71,7.8,0,1
"130700702","1307 - Utiroa","13 - North Tabiteuea",48,0,48,0,0,0,0,0,48,178,90,88,50.6,49.4,1.02,4.68,0,0,1
"130700703","1307 - Utiroa","13 - North Tabiteuea",40,0,40,0,0,0,0,0,40,165,86,79,52.1,47.9,1.09,5,0,0,1
"130700704","1307 - Utiroa","13 - North Tabiteuea",93,1,92,0,0,0,0,0,93,297,154,143,51.9,48.1,1.08,4.95,1.1,0,1
"130800801","1308 - Tauma","13 - North Tabiteuea",34,0,34,0,0,0,0,0,34,143,62,81,43.4,56.6,0.77,5.3,0,0,1
"130800802","1308 - Tauma","13 - North Tabiteuea",30,0,30,0,0,0,0,0,30,96,53,43,55.2,44.8,1.23,4.36,0,0,1
"130900900","1309 - Kabuna","13 - North Tabiteuea",56,0,56,0,0,0,0,1,56,206,112,94,54.4,45.6,1.19,4.38,0,0,1
"131001000","1310 - Tenatorua","13 - North Tabiteuea",33,1,32,0,0,0,0,0,33,142,74,68,52.1,47.9,1.09,5.26,3,0,1
"131101100","1311 - Bangai","13 - North Tabiteuea",10,0,10,0,0,0,0,1,10,25,15,10,60,40,1.5,5,0,0,1
"131201200","1312 - Aiwa","13 - North Tabiteuea",33,0,33,1,0,0,0,2,33,120,62,58,51.7,48.3,1.07,4.8,0,3,1
"140100101","1401 - Tewai","14 - South Tabiteuea",52,0,52,0,0,0,0,0,52,172,86,86,50,50,1,3.91,0,0,1
"140100102","1401 - Tewai","14 - South Tabiteuea",27,0,27,0,0,0,0,0,27,78,39,39,50,50,1,3.9,0,0,1
"140200200","1402 - Taungaeaka","14 - South Tabiteuea",43,0,43,0,0,0,0,0,43,151,79,72,52.3,47.7,1.1,3.97,0,0,1
"140300301","1403 - Buariki","14 - South Tabiteuea",68,1,67,0,0,0,0,0,68,270,143,127,53,47,1.13,4.58,1.5,0,1
"140300302","1403 - Buariki","14 - South Tabiteuea",53,0,53,0,0,0,0,0,53,343,168,175,49,51,0.96,6.6,0,0,1
"140400400","1404 - Nikutoru","14 - South Tabiteuea",31,0,31,0,0,0,0,0,31,122,50,72,41,59,0.69,4.36,0,0,1
"140500500","1405 - Katabanga","14 - South Tabiteuea",18,0,18,0,0,0,0,0,18,76,42,34,55.3,44.7,1.24,5.07,0,0,1
"140600600","1406 - Taku","14 - South Tabiteuea",41,0,41,0,0,0,0,0,41,173,91,82,52.6,47.4,1.11,4.32,0,0,1
"150100100","1501 - Autukia","15 - Beru",64,0,64,0,0,0,0,0,64,259,133,126,51.4,48.6,1.06,4.39,0,0,1
"150200200","1502 - Tabiang","15 - Beru",1,0,1,0,0,0,0,0,1,3,1,2,33.3,66.7,0.5,3,0,0,1
"150200201","1502 - Tabiang","15 - Beru",54,0,54,0,0,0,0,0,54,181,86,95,47.5,52.5,0.91,4.11,0,0,1
"150200202","1502 - Tabiang","15 - Beru",42,0,42,0,0,0,0,0,42,118,56,62,47.5,52.5,0.9,3.58,0,0,1
"150200203","1502 - Tabiang","15 - Beru",46,0,46,0,0,0,0,0,46,138,65,73,47.1,52.9,0.89,4.18,0,0,1
"150300300","1503 - Aoniman","15 - Beru",52,0,52,0,0,0,0,0,52,130,62,68,47.7,52.3,0.91,3.94,0,0,1
"150400400","1504 - Rongorongo","15 - Beru",31,0,31,0,0,0,0,2,31,301,175,126,58.1,41.9,1.39,12.58,0,0,1
"150500501","1505 - Nuka","15 - Beru",65,0,65,0,0,0,0,1,65,166,80,86,48.2,51.8,0.93,3.95,0,0,1
"150500502","1505 - Nuka","15 - Beru",49,0,49,0,0,0,0,0,49,135,64,71,47.4,52.6,0.9,3.55,0,0,1
"150500503","1505 - Nuka","15 - Beru",42,0,42,0,0,0,0,0,42,137,76,61,55.5,44.5,1.25,4.03,0,0,1
"150600600","1506 - Teteirio","15 - Beru",30,0,30,0,0,0,0,0,30,87,41,46,47.1,52.9,0.89,3.95,0,0,1
"150700700","1507 - Taubukinberu","15 - Beru",34,0,34,0,0,0,0,0,34,113,59,54,52.2,47.8,1.09,4.04,0,0,1
"150800801","1508 - Eriko","15 - Beru",31,0,31,0,0,0,0,0,31,98,51,47,52,48,1.09,3.77,0,0,1
"150800802","1508 - Eriko","15 - Beru",49,0,49,0,0,0,0,0,49,130,68,62,52.3,47.7,1.1,3.94,0,0,1
"150900901","1509 - Taboiaki","15 - Beru",64,0,64,0,0,0,0,0,64,172,94,78,54.7,45.3,1.21,3.82,0,0,1
"150900902","1509 - Taboiaki","15 - Beru",57,0,57,0,0,0,0,0,57,190,91,99,47.9,52.1,0.92,4.04,0,0,1
"160100101","1601 - Muribenua","16 - Nikunau",44,0,44,0,0,0,0,0,44,119,61,58,51.3,48.7,1.05,3.22,0,0,1
"160100102","1601 - Muribenua","16 - Nikunau",34,0,34,0,0,0,0,0,34,100,49,51,49,51,0.96,3.57,0,0,1
"160200200","1602 - Tabutoa","16 - Nikunau",63,0,63,0,0,0,0,0,63,217,124,93,57.1,42.9,1.33,3.56,0,0,1
"160300301","1603 - Rungata","16 - Nikunau",67,0,67,0,0,0,0,0,67,248,133,115,53.6,46.4,1.16,4.07,0,0,1
"160300302","1603 - Rungata","16 - Nikunau",49,2,47,0,0,0,0,0,49,195,98,97,50.3,49.7,1.01,4.43,4.1,0,1
"160300303","1603 - Rungata","16 - Nikunau",44,0,44,0,0,0,0,0,44,179,98,81,54.7,45.3,1.21,4.26,0,0,1
"160300304","1603 - Rungata","16 - Nikunau",65,0,65,0,0,0,0,0,65,246,126,120,51.2,48.8,1.05,4.17,0,0,1
"160300305","1603 - Rungata","16 - Nikunau",52,0,52,0,0,0,0,0,52,186,94,92,50.5,49.5,1.02,4.13,0,0,1
"160400400","1604 - Manriki","16 - Nikunau",59,0,59,0,0,0,0,0,59,214,117,97,54.7,45.3,1.21,3.82,0,0,1
"160500501","1605 - Nikumanu","16 - Nikunau",49,0,49,0,0,0,0,0,49,168,88,80,52.4,47.6,1.1,3.73,0,0,1
"160500502","1605 - Nikumanu","16 - Nikunau",42,0,42,0,0,0,0,0,42,168,88,80,52.4,47.6,1.1,4.2,0,0,1
"160600600","1606 - Tabomatang","16 - Nikunau",34,0,34,0,0,0,1,0,34,82,46,36,56.1,43.9,1.28,3.57,0,0,1
"170100100","1701 - Tekawa","17 - Onotoa",47,0,47,0,0,0,0,0,47,140,71,69,50.7,49.3,1.03,4.12,0,0,1
"170200200","1702 - Tanaeang","17 - Onotoa",58,0,58,0,0,0,0,1,58,188,95,93,50.5,49.5,1.02,4.37,0,0,2
"170300300","1703 - Buariki","17 - Onotoa",73,0,73,0,0,0,0,0,73,254,132,122,52,48,1.08,4.46,0,0,1
"170400400","1704 - Temao","17 - Onotoa",69,0,69,0,0,0,0,0,69,237,139,98,58.6,41.4,1.42,4.47,0,0,1
"170500500","1705 - Otowae","17 - Onotoa",63,0,63,0,0,0,0,0,63,224,119,105,53.1,46.9,1.13,4.31,0,0,1
"170600601","1706 - Aiaki","17 - Onotoa",53,0,53,0,0,0,0,0,53,119,62,57,52.1,47.9,1.09,4.41,0,0,1
"170600602","1706 - Aiaki","17 - Onotoa",42,0,42,4,0,0,0,0,42,109,57,52,52.3,47.7,1.1,4.04,0,9.5,1
"170700701","1707 - Tabuarorae","17 - Onotoa",37,0,37,4,0,0,0,0,37,132,64,68,48.5,51.5,0.94,4.89,0,10.8,1
"170700702","1707 - Tabuarorae","17 - Onotoa",38,0,38,0,0,0,0,0,38,106,48,58,45.3,54.7,0.83,3.93,0,0,1
"180100101","1801 - Bakarawa","18 - Tamana",45,2,43,0,0,0,1,0,45,141,69,72,48.9,51.1,0.96,4.27,4.4,0,1
"180100102","1801 - Bakarawa","18 - Tamana",38,1,37,0,0,0,0,0,38,144,72,72,50,50,1,4.65,2.6,0,1
"180200201","1802 - Bakaka","18 - Tamana",38,1,37,0,0,0,1,0,38,143,72,71,50.3,49.7,1.01,4.61,2.6,0,1
"180200202","1802 - Bakaka","18 - Tamana",69,1,68,0,0,0,0,0,69,262,139,123,53.1,46.9,1.13,4.3,1.4,0,1
"180300301","1803 - Barebuka","18 - Tamana",43,1,42,0,0,0,1,0,43,134,65,69,48.5,51.5,0.94,3.35,2.3,0,1
"180300302","1803 - Barebuka","18 - Tamana",36,0,36,0,0,0,0,0,36,120,63,57,52.5,47.5,1.11,4.14,0,0,1
"190100101","1901 - Tamaroa","19 - Arorae",60,0,60,0,0,0,0,1,60,219,106,113,48.4,51.6,0.94,5.09,0,0,1
"190100102","1901 - Tamaroa","19 - Arorae",60,0,60,0,0,0,0,0,60,203,99,104,48.8,51.2,0.95,4.51,0,0,1
"190200201","1902 - Roreti","19 - Arorae",48,0,48,0,0,0,0,0,48,167,89,78,53.3,46.7,1.14,4.28,0,0,1
"190200202","1902 - Roreti","19 - Arorae",55,0,55,0,0,0,0,0,55,183,87,96,47.5,52.5,0.91,4.46,0,0,1
"190200203","1902 - Roreti","19 - Arorae",59,0,59,0,0,0,0,0,59,219,115,104,52.5,47.5,1.11,5.21,0,0,1
"20100111","201 - Makin","2 - Makin",63,0,63,0,0,0,0,0,63,218,101,117,46.3,53.7,0.86,4.04,0,0,1
"20100112","201 - Makin","2 - Makin",68,0,68,0,0,0,0,1,68,214,110,104,51.4,48.6,1.06,4.28,0,0,2
"20100113","201 - Makin","2 - Makin",58,0,58,0,0,0,0,0,58,160,82,78,51.2,48.8,1.05,4,0,0,1
"20100121","201 - Makin","2 - Makin",68,0,68,0,0,0,0,0,68,239,123,116,51.5,48.5,1.06,5.2,0,0,2
"20100122","201 - Makin","2 - Makin",82,1,81,0,0,0,0,0,82,238,129,109,54.2,45.8,1.18,4.49,1.2,0,1
"20100131","201 - Makin","2 - Makin",60,0,60,0,0,0,0,0,60,189,100,89,52.9,47.1,1.12,4.72,0,0,2
"20100132","201 - Makin","2 - Makin",56,1,55,0,0,0,0,0,56,214,108,106,50.5,49.5,1.02,4.65,1.8,0,1
"20200201","202 - Kiebu","2 - Makin",39,0,39,0,0,0,0,1,39,144,78,66,54.2,45.8,1.18,5.33,0,0,2
"20200202","202 - Kiebu","2 - Makin",53,0,53,0,0,0,0,0,53,211,113,98,53.6,46.4,1.15,4.8,0,0,1
"200100100","2001 - Abaiang","20 - Teeraina",52,0,52,0,0,0,0,0,52,227,119,108,52.4,47.6,1.1,5.04,0,0,1
"200200200","2002 - Kauamwemwe","20 - Teeraina",41,2,39,0,0,0,2,0,41,187,100,87,53.5,46.5,1.15,5.19,4.9,0,1
"200300300","2003 - Uteute","20 - Teeraina",25,0,25,0,0,0,0,0,25,71,38,33,53.5,46.5,1.15,3.55,0,0,1
"200400400","2004 - kaaitara","20 - Teeraina",25,0,25,0,0,0,0,0,25,96,50,46,52.1,47.9,1.09,4.36,0,0,1
"200500501","2005 - Tangkore","20 - Teeraina",51,0,51,0,0,0,0,0,51,162,85,77,52.5,47.5,1.1,4.5,0,0,1
"200500502","2005 - Tangkore","20 - Teeraina",70,0,70,0,0,0,0,0,70,319,156,163,48.9,51.1,0.96,4.76,0,0,1
"200600600","2006 - Matanibike","20 - Teeraina",25,0,25,0,0,0,1,0,25,97,52,45,53.6,46.4,1.16,5.11,0,0,1
"200700700","2007 - Arabata","20 - Teeraina",37,0,37,0,0,0,0,0,37,92,52,40,56.5,43.5,1.3,3.83,0,0,1
"200800800","2008 - Mwakeitari","20 - Teeraina",34,0,34,0,0,0,5,0,34,213,117,96,54.9,45.1,1.22,6.66,0,0,1
"200900900","2009 - Onauea","20 - Teeraina",28,0,28,0,0,0,3,0,28,90,46,44,51.1,48.9,1.05,4.74,0,0,1
"210200201","2102 - Tereitaki","21 - Tabuaeran",50,0,50,0,0,0,2,0,50,81,43,38,53.1,46.9,1.13,3.68,0,0,1
"210200202","2102 - Tereitaki","21 - Tabuaeran",75,0,75,0,0,0,0,0,75,177,100,77,56.5,43.5,1.3,4.42,0,0,1
"210300300","2103 - Betania","21 - Tabuaeran",66,0,66,0,0,0,1,0,66,197,109,88,55.3,44.7,1.24,4.28,0,0,1
"210400400","2104 - Paelau","21 - Tabuaeran",40,0,40,0,0,0,0,1,40,138,72,66,52.2,47.8,1.09,4.45,0,0,1
"210500500","2105 - Aontenaa","21 - Tabuaeran",46,0,46,0,0,0,0,0,46,169,81,88,47.9,52.1,0.92,4.45,0,0,1
"210600601","2106 - Tenenebo","21 - Tabuaeran",78,0,78,0,0,0,0,0,78,273,141,132,51.6,48.4,1.07,4.79,0,0,1
"210600602","2106 - Tenenebo","21 - Tabuaeran",44,0,44,0,0,0,0,0,44,140,71,69,50.7,49.3,1.03,4.12,0,0,1
"210700700","2107 - Tereitannano","21 - Tabuaeran",52,1,51,0,0,0,1,0,52,186,105,81,56.5,43.5,1.3,4.77,1.9,0,1
"210800801","2108 - Aramari","21 - Tabuaeran",46,0,46,0,0,0,0,0,46,158,79,79,50,50,1,4.79,0,0,1
"210800802","2108 - Aramari","21 - Tabuaeran",27,1,26,0,0,0,1,0,27,109,56,53,51.4,48.6,1.06,4.95,3.7,0,1
"210900900","2109 - Mwanuku","21 - Tabuaeran",65,0,65,0,0,0,0,0,65,223,117,106,52.5,47.5,1.1,4.96,0,0,1
"220100110","2201 - London","22 - Kiritimati",37,0,37,0,0,0,4,0,37,189,95,94,50.3,49.7,1.01,5.56,0,0,5
"220100120","2201 - London","22 - Kiritimati",51,4,47,0,0,0,0,0,51,240,119,121,49.6,50.4,0.98,5.85,7.8,0,2
"220100131","2201 - London","22 - Kiritimati",19,0,19,7,0,0,2,0,19,90,46,44,51.1,48.9,1.05,4.74,0,36.8,3
"220100132","2201 - London","22 - Kiritimati",40,0,40,1,0,0,0,0,40,250,133,117,53.2,46.8,1.14,6.41,0,2.5,1
"220100140","2201 - London","22 - Kiritimati",58,2,56,0,0,0,3,0,58,358,187,171,52.2,47.8,1.09,6.51,3.4,0,2
"220100151","2201 - London","22 - Kiritimati",42,5,37,0,0,0,1,0,42,243,131,112,53.9,46.1,1.17,5.93,11.9,0,1
"220100152","2201 - London","22 - Kiritimati",23,0,23,0,0,0,1,0,23,112,64,48,57.1,42.9,1.33,5.38,0,0,2
"220100160","2201 - London","22 - Kiritimati",45,0,45,0,0,0,2,0,45,232,114,118,49.1,50.9,0.97,6.11,0,0,2
"220100170","2201 - London","22 - Kiritimati",31,4,27,0,0,0,0,0,31,134,73,61,54.5,45.5,1.2,4.96,12.9,0,1
"220200210","2202 - Tabwakea","22 - Kiritimati",37,0,37,0,0,0,3,0,37,207,105,102,50.7,49.3,1.03,5.75,0,0,3
"220200211","2202 - Tabwakea","22 - Kiritimati",27,0,27,0,0,0,1,0,27,77,41,36,53.2,46.8,1.14,3.5,0,0,1
"220200213","2202 - Tabwakea","22 - Kiritimati",31,0,31,0,0,0,1,1,31,168,76,92,45.2,54.8,0.83,5.6,0,0,1
"220200220","2202 - Tabwakea","22 - Kiritimati",55,0,55,1,0,0,1,0,55,262,130,132,49.6,50.4,0.98,5.95,0,1.8,1
"220200231","2202 - Tabwakea","22 - Kiritimati",54,1,53,9,0,0,2,1,54,196,103,93,52.6,47.4,1.11,4.78,1.9,16.7,2
"220200232","2202 - Tabwakea","22 - Kiritimati",50,0,50,0,0,0,0,0,50,260,139,121,53.5,46.5,1.15,5.91,0,0,1
"220200241","2202 - Tabwakea","22 - Kiritimati",46,0,46,0,0,0,1,0,46,222,111,111,50,50,1,6.17,0,0,1
"220200242","2202 - Tabwakea","22 - Kiritimati",54,2,52,0,0,0,4,0,54,286,143,143,50,50,1,6.36,3.7,0,1
"220200251","2202 - Tabwakea","22 - Kiritimati",56,0,56,0,0,0,2,0,56,286,151,135,52.8,47.2,1.12,5.61,0,0,1
"220200252","2202 - Tabwakea","22 - Kiritimati",44,1,43,0,0,0,1,0,44,157,84,73,53.5,46.5,1.15,4.49,2.3,0,1
"220200253","2202 - Tabwakea","22 - Kiritimati",37,0,37,0,0,0,0,0,37,168,91,77,54.2,45.8,1.18,5.42,0,0,1
"220200261","2202 - Tabwakea","22 - Kiritimati",35,0,35,2,0,0,0,2,35,152,69,83,45.4,54.6,0.83,4.9,0,5.7,1
"220200262","2202 - Tabwakea","22 - Kiritimati",37,1,36,3,0,0,1,4,37,146,64,82,43.8,56.2,0.78,5.84,2.7,8.1,1
"220200263","2202 - Tabwakea","22 - Kiritimati",40,0,40,0,0,0,0,0,40,154,77,77,50,50,1,5.13,0,0,1
"220200264","2202 - Tabwakea","22 - Kiritimati",61,0,61,0,0,0,1,0,61,335,176,159,52.5,47.5,1.11,6.09,0,0,1
"220200265","2202 - Tabwakea","22 - Kiritimati",33,1,32,0,0,0,0,0,33,194,96,98,49.5,50.5,0.98,6.06,3,0,1
"220200271","2202 - Tabwakea","22 - Kiritimati",27,1,26,2,0,0,1,0,27,121,68,53,56.2,43.8,1.28,5.76,3.7,7.4,2
"220200272","2202 - Tabwakea","22 - Kiritimati",29,1,28,9,0,0,1,0,29,123,60,63,48.8,51.2,0.95,4.92,3.4,31,3
"220200273","2202 - Tabwakea","22 - Kiritimati",67,0,67,0,0,0,1,1,67,250,126,124,50.4,49.6,1.02,4.72,0,0,1
"220300311","2203 - Banana","22 - Kiritimati",76,0,76,0,0,0,3,0,76,335,162,173,48.4,51.6,0.94,5.98,0,0,4
"220300312","2203 - Banana","22 - Kiritimati",59,1,58,0,0,0,0,0,59,269,139,130,51.7,48.3,1.07,5.72,1.7,0,1
"220300320","2203 - Banana","22 - Kiritimati",79,2,77,1,0,0,4,0,79,428,204,224,47.7,52.3,0.91,6.29,2.5,1.3,3
"220300330","2203 - Banana","22 - Kiritimati",33,0,33,0,0,0,1,0,33,135,68,67,50.4,49.6,1.01,5,0,0,1
"220300340","2203 - Banana","22 - Kiritimati",45,0,45,0,0,0,2,0,45,273,146,127,53.5,46.5,1.15,6.35,0,0,1
"220300350","2203 - Banana","22 - Kiritimati",48,3,45,0,0,0,4,0,48,229,120,109,52.4,47.6,1.1,5.59,6.2,0,2
"220300360","2203 - Banana","22 - Kiritimati",17,0,17,1,0,0,1,0,17,85,41,44,48.2,51.8,0.93,5,0,5.9,2
"220400410","2204 - Poland","22 - Kiritimati",23,0,23,0,0,0,2,0,23,116,69,47,59.5,40.5,1.47,5.04,0,0,1
"220400420","2204 - Poland","22 - Kiritimati",30,0,30,0,0,0,0,0,30,172,101,71,58.7,41.3,1.42,5.73,0,0,1
"220400430","2204 - Poland","22 - Kiritimati",36,0,36,0,0,0,1,0,36,176,92,84,52.3,47.7,1.1,4.89,0,0,1
"230100100","2301 - Kanton","23 - Kanton",8,1,7,8,0,0,0,0,8,30,18,12,60,40,1.5,3.75,12.5,100,2
"30100101","301 - Kuma","3 - Butaritari",39,0,39,0,0,0,0,0,39,142,75,67,52.8,47.2,1.12,4.06,0,0,1
"30100102","301 - Kuma","3 - Butaritari",37,0,37,0,0,0,0,0,37,170,80,90,47.1,52.9,0.89,5,0,0,1
"30200200","302 - Keuea","3 - Butaritari",50,0,50,0,0,0,0,0,50,233,118,115,50.6,49.4,1.03,5.3,0,0,1
"30300300","303 - Tanimainiku","3 - Butaritari",45,0,45,0,0,0,0,0,45,186,94,92,50.5,49.5,1.02,4.54,0,0,1
"30400401","304 - Tanimaiaki","3 - Butaritari",62,0,62,0,0,0,0,0,62,409,222,187,54.3,45.7,1.19,7.57,0,0,1
"30400402","304 - Tanimaiaki","3 - Butaritari",47,0,47,0,0,0,0,2,47,213,98,115,46,54,0.85,4.95,0,0,1
"30500501","305 - Tabonuea","3 - Butaritari",35,0,35,0,0,0,0,0,35,174,82,92,47.1,52.9,0.89,4.97,0,0,1
"30500502","305 - Tabonuea","3 - Butaritari",30,0,30,0,0,0,0,0,30,142,64,78,45.1,54.9,0.82,5.26,0,0,1
"30600600","306 - Antekana","3 - Butaritari",53,0,53,0,0,0,0,1,53,185,93,92,50.3,49.7,1.01,4.02,0,0,1
"30700701","307 - Taubukinmeang","3 - Butaritari",30,0,30,0,0,0,0,0,30,98,52,46,53.1,46.9,1.13,4.9,0,0,1
"30700702","307 - Taubukinmeang","3 - Butaritari",43,1,42,0,0,0,0,0,43,136,68,68,50,50,1,4.39,2.3,0,1
"30800801","308 - Temanokunuea","3 - Butaritari",45,0,45,0,0,0,0,0,45,179,82,97,45.8,54.2,0.85,4.97,0,0,1
"30800802","308 - Temanokunuea","3 - Butaritari",42,3,39,0,0,0,0,2,42,210,105,105,50,50,1,5.25,7.1,0,1
"30900901","309 - Onomaru","3 - Butaritari",30,0,30,0,0,0,0,1,30,115,57,58,49.6,50.4,0.98,4.26,0,0,1
"30900902","309 - Onomaru","3 - Butaritari",38,0,38,0,0,0,0,0,38,130,68,62,52.3,47.7,1.1,4.06,0,0,1
"31001001","310 - Ukiangang","3 - Butaritari",61,0,61,0,0,0,0,2,61,231,108,123,46.8,53.2,0.88,4.36,0,0,1
"31001002","310 - Ukiangang","3 - Butaritari",32,0,32,0,0,0,0,0,32,133,69,64,51.9,48.1,1.08,5.32,0,0,1
"31001003","310 - Ukiangang","3 - Butaritari",42,0,42,0,0,0,0,0,42,160,88,72,55,45,1.22,4.85,0,0,1
"31001004","310 - Ukiangang","3 - Butaritari",42,0,42,0,0,0,0,0,42,163,77,86,47.2,52.8,0.9,4.94,0,0,1
"31101100","311 - Bikaati","3 - Butaritari",47,0,47,0,0,0,0,0,47,182,104,78,57.1,42.9,1.33,4.14,0,0,1
"40100101","401 - Rawannawi","4 - Marakei",58,0,58,0,0,0,0,0,58,182,85,97,46.7,53.3,0.88,4.23,0,0,1
"40100102","401 - Rawannawi","4 - Marakei",37,0,37,0,0,0,0,0,37,111,51,60,45.9,54.1,0.85,4.44,0,0,1
"40100103","401 - Rawannawi","4 - Marakei",62,0,62,0,0,0,0,0,62,215,104,111,48.4,51.6,0.94,3.91,0,0,1
"40100104","401 - Rawannawi","4 - Marakei",47,0,47,0,0,0,0,0,47,149,81,68,54.4,45.6,1.19,3.55,0,0,1
"40100105","401 - Rawannawi","4 - Marakei",59,0,59,0,0,0,0,0,59,197,100,97,50.8,49.2,1.03,3.94,0,0,1
"40200200","402 - Temotu","4 - Marakei",48,0,48,0,0,0,0,0,48,155,86,69,55.5,44.5,1.25,3.69,0,0,1
"40300301","403 - Buota","4 - Marakei",39,0,39,0,0,0,0,0,39,164,88,76,53.7,46.3,1.16,4.32,0,0,1
"40300302","403 - Buota","4 - Marakei",27,0,27,0,0,0,0,0,27,95,47,48,49.5,50.5,0.98,3.96,0,0,1
"40400401","404 - Tekarakan","4 - Marakei",10,0,10,0,0,0,0,0,10,32,19,13,59.4,40.6,1.46,4.57,0,0,1
"40400402","404 - Tekarakan","4 - Marakei",31,0,31,0,0,0,0,0,31,130,62,68,47.7,52.3,0.91,5.65,0,0,1
"40400403","404 - Tekarakan","4 - Marakei",53,0,53,0,0,0,0,0,53,216,122,94,56.5,43.5,1.3,5.14,0,0,1
"40500501","405 - Bainuna","4 - Marakei",42,0,42,0,0,0,0,0,42,185,89,96,48.1,51.9,0.93,4.62,0,0,1
"40500502","405 - Bainuna","4 - Marakei",44,0,44,0,0,0,0,0,44,166,91,75,54.8,45.2,1.21,4.74,0,0,1
"40600601","406 - Norauea","4 - Marakei",57,0,57,0,0,0,0,0,57,207,107,100,51.7,48.3,1.07,4.5,0,0,1
"40600602","406 - Norauea","4 - Marakei",36,0,36,0,0,0,0,0,36,181,85,96,47,53,0.89,5.48,0,0,1
"40700700","407 - Tekuanga","4 - Marakei",53,0,53,0,0,0,0,0,53,195,101,94,51.8,48.2,1.07,4.06,0,0,1
"40800800","408 - Antai","4 - Marakei",32,0,32,0,0,0,0,0,32,121,62,59,51.2,48.8,1.05,4.17,0,0,1
"50100100","501 - Nuotaea","5 - Abaiang",1,0,1,0,0,0,0,0,1,2,1,1,50,50,1,2,0,0,1
"50100101","501 - Nuotaea","5 - Abaiang",44,0,44,0,0,0,0,0,44,174,91,83,52.3,47.7,1.1,4.24,0,0,1
"50100102","501 - Nuotaea","5 - Abaiang",33,0,33,0,0,0,0,0,33,118,58,60,49.2,50.8,0.97,4.37,0,0,1
"50200201","502 - Ribono","5 - Abaiang",29,1,28,0,0,0,1,0,29,120,56,64,46.7,53.3,0.88,4.62,3.4,0,1
"50200202","502 - Ribono","5 - Abaiang",61,0,61,0,0,0,0,0,61,221,125,96,56.6,43.4,1.3,4.25,0,0,1
"50300301","503 - Takarano","5 - Abaiang",53,0,53,0,0,0,1,0,53,228,117,111,51.3,48.7,1.05,4.47,0,0,1
"50300302","503 - Takarano","5 - Abaiang",38,0,38,0,0,0,0,0,38,187,91,96,48.7,51.3,0.95,5.05,0,0,1
"50400400","504 - Ubanteman","5 - Abaiang",33,0,33,0,0,0,0,0,33,160,82,78,51.2,48.8,1.05,5.71,0,0,1
"50500511","505 - Tebunginako","5 - Abaiang",60,0,60,0,0,0,0,0,60,237,116,121,48.9,51.1,0.96,4.16,0,0,1
"50500512","505 - Tebunginako","5 - Abaiang",58,0,58,0,0,0,1,2,58,224,111,113,49.6,50.4,0.98,5.09,0,0,2
"50600601","506 - Borotiam","5 - Abaiang",51,0,51,0,0,0,2,0,51,213,102,111,47.9,52.1,0.92,5.07,0,0,2
"50600602","506 - Borotiam","5 - Abaiang",39,0,39,0,0,0,0,0,39,163,87,76,53.4,46.6,1.14,4.29,0,0,1
"50700701","507 - Aonobuaka","5 - Abaiang",72,0,72,0,0,0,0,0,72,322,175,147,54.3,45.7,1.19,5.37,0,0,2
"50700702","507 - Aonobuaka","5 - Abaiang",64,3,61,0,0,0,0,0,64,223,117,106,52.5,47.5,1.1,4.37,4.7,0,1
"50800801","508 - Koinawa","5 - Abaiang",53,0,53,1,0,0,0,0,53,164,89,75,54.3,45.7,1.19,4.97,0,1.9,1
"50800802","508 - Koinawa","5 - Abaiang",35,0,35,0,0,0,1,0,35,147,75,72,51,49,1.04,4.45,0,0,1
"50900900","509 - Morikao","5 - Abaiang",50,0,50,0,0,0,1,0,50,356,123,233,34.6,65.4,0.53,8.48,0,0,2
"51001001","510 - Ewena","5 - Abaiang",40,0,40,0,0,0,0,0,40,162,82,80,50.6,49.4,1.02,4.76,0,0,1
"51001002","510 - Ewena","5 - Abaiang",44,1,43,0,0,0,0,0,44,120,63,57,52.5,47.5,1.11,4,2.3,0,1
"51101100","511 - Taburao","5 - Abaiang",45,0,45,0,0,0,0,0,45,166,86,80,51.8,48.2,1.07,4.26,0,0,1
"51201200","512 - Tebero","5 - Abaiang",64,0,64,0,0,0,1,0,64,258,121,137,46.9,53.1,0.88,4.96,0,0,1
"51301300","513 - Tabwiroa","5 - Abaiang",35,2,33,0,0,0,0,0,35,396,161,235,40.7,59.3,0.69,12,5.7,0,1
"51401401","514 - Tuarabu","5 - Abaiang",48,0,48,0,0,0,1,0,48,166,80,86,48.2,51.8,0.93,4.26,0,0,2
"51401402","514 - Tuarabu","5 - Abaiang",45,0,45,0,0,0,0,0,45,146,70,76,47.9,52.1,0.92,4.42,0,0,1
"51401403","514 - Tuarabu","5 - Abaiang",63,0,63,0,0,0,1,4,63,229,111,118,48.5,51.5,0.94,4.24,0,0,2
"51501501","515 - Tanimaiaki","5 - Abaiang",40,0,40,0,0,0,0,3,40,156,76,80,48.7,51.3,0.95,4.22,0,0,2
"51501502","515 - Tanimaiaki","5 - Abaiang",49,1,48,0,0,0,3,0,49,205,96,109,46.8,53.2,0.88,5.26,2,0,2
"51601601","516 - Tebanga","5 - Abaiang",36,0,36,0,0,0,0,0,36,166,81,85,48.8,51.2,0.95,4.88,0,0,1
"51601602","516 - Tebanga","5 - Abaiang",33,0,33,0,0,0,0,0,33,129,71,58,55,45,1.22,4.3,0,0,1
"51701700","517 - Aoneaba","5 - Abaiang",22,0,22,0,0,0,1,1,22,84,40,44,47.6,52.4,0.91,5.25,0,0,2
"51801801","518 - Tabontebike","5 - Abaiang",38,0,38,0,0,0,1,0,38,137,72,65,52.6,47.4,1.11,4.57,0,0,1
"51801802","518 - Tabontebike","5 - Abaiang",46,0,46,0,0,0,0,0,46,171,93,78,54.4,45.6,1.19,4.38,0,0,1
"60100101","601 - Buariki","6 - North Tarawa",34,0,34,0,0,0,0,0,34,118,62,56,52.5,47.5,1.11,4.37,0,0,1
"60100102","601 - Buariki","6 - North Tarawa",53,0,53,0,0,0,0,0,53,212,100,112,47.2,52.8,0.89,4.71,0,0,1
"60100103","601 - Buariki","6 - North Tarawa",52,0,52,0,0,0,0,0,52,204,103,101,50.5,49.5,1.02,4.74,0,0,1
"60100104","601 - Buariki","6 - North Tarawa",46,0,46,0,0,0,0,0,46,227,121,106,53.3,46.7,1.14,5.97,0,0,1
"60200201","602 - Tearinibai","6 - North Tarawa",54,1,53,0,0,0,0,1,54,220,107,113,48.6,51.4,0.95,4.89,1.9,0,1
"60200202","602 - Tearinibai","6 - North Tarawa",79,1,78,0,0,0,0,0,79,226,104,122,46,54,0.85,3.77,1.3,0,1
"60300300","603 - Nuatabu","6 - North Tarawa",55,0,55,0,0,0,0,1,55,242,111,131,45.9,54.1,0.85,4.57,0,0,1
"60400400","604 - Tebwangaroi","6 - North Tarawa",13,0,13,0,0,0,0,0,13,25,12,13,48,52,0.92,3.57,0,0,1
"60500500","605 - Taratai","6 - North Tarawa",84,0,84,0,0,0,0,0,84,334,154,180,46.1,53.9,0.86,4.77,0,0,1
"60600601","606 - Nooto","6 - North Tarawa",55,0,55,0,0,0,0,0,55,323,135,188,41.8,58.2,0.72,7.02,0,0,1
"60600602","606 - Nooto","6 - North Tarawa",52,0,52,0,0,0,0,0,52,233,109,124,46.8,53.2,0.88,5.3,0,0,1
"60600603","606 - Nooto","6 - North Tarawa",65,0,65,0,0,0,0,0,65,233,117,116,50.2,49.8,1.01,4.66,0,0,1
"60700701","607 - Abaokoro","6 - North Tarawa",49,0,49,0,0,0,0,0,49,200,97,103,48.5,51.5,0.94,4.88,0,0,1
"60700702","607 - Abaokoro","6 - North Tarawa",38,0,38,0,0,0,0,0,38,160,79,81,49.4,50.6,0.98,4.85,0,0,1
"60800800","608 - Marenanuka","6 - North Tarawa",53,1,52,0,0,0,0,0,53,230,108,122,47,53,0.89,5,1.9,0,1
"60900901","609 - Tabonibara","6 - North Tarawa",61,0,61,0,0,0,0,0,61,174,87,87,50,50,1,4.14,0,0,1
"60900902","609 - Tabonibara","6 - North Tarawa",68,0,68,0,0,0,1,0,68,235,109,126,46.4,53.6,0.87,4.2,0,0,1
"61001001","610 - Kainaba","6 - North Tarawa",39,0,39,0,0,0,0,0,39,173,90,83,52,48,1.08,4.94,0,0,1
"61001002","610 - Kainaba","6 - North Tarawa",46,0,46,0,0,0,0,0,46,132,67,65,50.8,49.2,1.03,3.3,0,0,1
"61101101","611 - Nabeina","6 - North Tarawa",55,0,55,0,0,0,0,0,55,203,102,101,50.2,49.8,1.01,4.41,0,0,1
"61101102","611 - Nabeina","6 - North Tarawa",50,0,50,0,0,0,0,0,50,126,61,65,48.4,51.6,0.94,3.07,0,0,1
"61201201","612 - Tabiteuea","6 - North Tarawa",50,0,50,0,0,0,0,1,50,226,126,100,55.8,44.2,1.26,5.14,0,0,1
"61201202","612 - Tabiteuea","6 - North Tarawa",43,1,42,0,0,0,0,0,43,180,87,93,48.3,51.7,0.94,5,2.3,0,1
"61201203","612 - Tabiteuea","6 - North Tarawa",67,0,67,1,0,0,0,0,67,262,128,134,48.9,51.1,0.96,4.6,0,1.5,1
"61301301","613 - Abatao","6 - North Tarawa",51,0,51,0,0,0,0,2,51,233,119,114,51.1,48.9,1.04,5.55,0,0,1
"61301302","613 - Abatao","6 - North Tarawa",59,0,59,0,0,0,0,0,59,281,134,147,47.7,52.3,0.91,5.51,0,0,1
"61401401","614 - Buota","6 - North Tarawa",61,0,61,0,0,0,0,0,61,278,131,147,47.1,52.9,0.89,5.05,0,0,1
"61401402","614 - Buota","6 - North Tarawa",68,1,67,0,0,0,0,1,68,288,131,157,45.5,54.5,0.83,4.97,1.5,0,2
"61401403","614 - Buota","6 - North Tarawa",44,0,44,0,0,0,0,0,44,253,123,130,48.6,51.4,0.95,6.02,0,0,1
"61401404","614 - Buota","6 - North Tarawa",36,0,36,0,0,0,0,0,36,191,100,91,52.4,47.6,1.1,5.97,0,0,1
"61401405","614 - Buota","6 - North Tarawa",75,0,75,0,0,0,0,0,75,337,167,170,49.6,50.4,0.98,5.52,0,0,1
"61401406","614 - Buota","6 - North Tarawa",42,0,42,0,0,0,0,0,42,196,90,106,45.9,54.1,0.85,5.3,0,0,1
"61401407","614 - Buota","6 - North Tarawa",48,0,48,0,0,0,0,0,48,223,117,106,52.5,47.5,1.1,5.19,0,0,1
"61401408","614 - Buota","6 - North Tarawa",42,0,42,0,0,0,0,0,42,191,89,102,46.6,53.4,0.87,5.31,0,0,1
"61401409","614 - Buota","6 - North Tarawa",23,0,23,0,0,0,0,0,23,121,60,61,49.6,50.4,0.98,5.76,0,0,1
"70100110","701 - Tanaea","7 - South Tarawa",31,1,30,0,0,0,0,4,31,168,83,85,49.4,50.6,0.98,5.79,3.2,0,1
"70100120","701 - Tanaea","7 - South Tarawa",36,0,36,0,0,0,0,3,36,166,70,96,42.2,57.8,0.73,6.38,0,0,1
"70100121","701 - Tanaea","7 - South Tarawa",32,0,32,0,0,0,0,1,32,73,36,37,49.3,50.7,0.97,4.06,0,0,1
"70200210","702 - Bonriki","7 - South Tarawa",52,0,52,0,0,0,0,0,52,336,174,162,51.8,48.2,1.07,6.72,0,0,1
"70200220","702 - Bonriki","7 - South Tarawa",39,0,39,0,0,0,0,0,39,253,125,128,49.4,50.6,0.98,6.49,0,0,1
"70200311","702 - Bonriki","7 - South Tarawa",33,0,33,0,0,0,33,0,33,194,85,109,43.8,56.2,0.78,6.93,0,0,1
"70200312","702 - Bonriki","7 - South Tarawa",40,0,40,0,0,0,40,0,40,237,117,120,49.4,50.6,0.98,6.08,0,0,1
"70200321","702 - Bonriki","7 - South Tarawa",35,0,35,0,0,0,35,0,35,190,90,100,47.4,52.6,0.9,6.33,0,0,1
"70200322","702 - Bonriki","7 - South Tarawa",36,0,36,0,0,0,0,0,36,240,128,112,53.3,46.7,1.14,6.67,0,0,1
"70200410","702 - Bonriki","7 - South Tarawa",52,0,52,3,0,0,0,0,52,252,112,140,44.4,55.6,0.8,5.6,0,5.8,1
"70200420","702 - Bonriki","7 - South Tarawa",68,0,68,0,0,0,0,3,68,324,143,181,44.1,55.9,0.79,5.23,0,0,1
"70200430","702 - Bonriki","7 - South Tarawa",50,0,50,0,0,0,0,0,50,214,107,107,50,50,1,5.63,0,0,1
"70200431","702 - Bonriki","7 - South Tarawa",48,0,48,0,0,0,0,0,48,184,91,93,49.5,50.5,0.98,4.49,0,0,1
"70200510","702 - Bonriki","7 - South Tarawa",39,0,39,0,0,0,0,0,39,178,94,84,52.8,47.2,1.12,5.39,0,0,1
"70200520","702 - Bonriki","7 - South Tarawa",64,0,64,0,0,0,0,0,64,293,140,153,47.8,52.2,0.92,5.05,0,0,1
"70200530","702 - Bonriki","7 - South Tarawa",51,0,51,0,0,0,2,0,51,289,134,155,46.4,53.6,0.86,6.57,0,0,1
"70200610","702 - Bonriki","7 - South Tarawa",40,0,40,0,0,0,0,0,40,180,87,93,48.3,51.7,0.94,5.62,0,0,1
"70200611","702 - Bonriki","7 - South Tarawa",33,1,32,0,0,0,0,0,33,167,82,85,49.1,50.9,0.96,6.19,3,0,1
"70200620","702 - Bonriki","7 - South Tarawa",59,0,59,0,0,0,0,0,59,297,142,155,47.8,52.2,0.92,6.16,0,0,1
"70300711","703 - Temaiku","7 - South Tarawa",30,0,30,0,0,0,0,0,30,172,75,97,43.6,56.4,0.77,6.62,0,0,1
"70300712","703 - Temaiku","7 - South Tarawa",66,0,66,0,0,0,0,0,66,314,151,163,48.1,51.9,0.93,5.41,0,0,1
"70300721","703 - Temaiku","7 - South Tarawa",50,1,49,0,0,0,0,3,50,178,78,100,43.8,56.2,0.78,5.09,2,0,1
"70300722","703 - Temaiku","7 - South Tarawa",51,1,50,0,0,0,5,0,51,182,90,92,49.5,50.5,0.98,4.79,2,0,1
"70300723","703 - Temaiku","7 - South Tarawa",51,0,51,0,0,0,0,0,51,279,146,133,52.3,47.7,1.1,5.94,0,0,1
"70300731","703 - Temaiku","7 - South Tarawa",56,0,56,0,0,0,0,0,56,278,131,147,47.1,52.9,0.89,5.35,0,0,1
"70300732","703 - Temaiku","7 - South Tarawa",45,0,45,0,0,0,0,0,45,251,120,131,47.8,52.2,0.92,5.98,0,0,1
"70300810","703 - Temaiku","7 - South Tarawa",54,0,54,2,0,0,0,0,54,282,133,149,47.2,52.8,0.89,5.64,0,3.7,1
"70300820","703 - Temaiku","7 - South Tarawa",50,0,50,0,0,0,0,0,50,263,124,139,47.1,52.9,0.89,5.26,0,0,1
"70300830","703 - Temaiku","7 - South Tarawa",53,0,53,0,0,0,0,0,53,254,115,139,45.3,54.7,0.83,5.4,0,0,1
"70300840","703 - Temaiku","7 - South Tarawa",59,0,59,0,0,0,0,0,59,342,167,175,48.8,51.2,0.95,5.9,0,0,1
"70300850","703 - Temaiku","7 - South Tarawa",57,0,57,0,0,0,0,0,57,350,175,175,50,50,1,6.25,0,0,1
"70300910","703 - Temaiku","7 - South Tarawa",48,0,48,4,0,0,0,6,48,317,140,177,44.2,55.8,0.79,6.6,0,8.3,1
"70300920","703 - Temaiku","7 - South Tarawa",48,0,48,0,0,0,0,0,48,201,86,115,42.8,57.2,0.75,5.03,0,0,1
"70301001","703 - Temaiku","7 - South Tarawa",49,0,49,0,0,0,0,7,49,207,88,119,42.5,57.5,0.74,5.75,0,0,1
"70301002","703 - Temaiku","7 - South Tarawa",28,0,28,0,0,0,0,0,28,188,97,91,51.6,48.4,1.07,6.96,0,0,1
"70301110","703 - Temaiku","7 - South Tarawa",69,0,69,0,0,0,0,1,69,329,161,168,48.9,51.1,0.96,5.31,0,0,1
"70301120","703 - Temaiku","7 - South Tarawa",38,1,37,0,0,0,0,0,38,180,84,96,46.7,53.3,0.88,5.45,2.6,0,1
"70301121","703 - Temaiku","7 - South Tarawa",46,0,46,0,0,0,0,0,46,217,95,122,43.8,56.2,0.78,5.42,0,0,1
"70301131","703 - Temaiku","7 - South Tarawa",32,2,30,0,0,0,0,0,32,378,151,227,39.9,60.1,0.67,12.6,6.2,0,1
"70301132","703 - Temaiku","7 - South Tarawa",44,0,44,0,0,0,0,0,44,238,110,128,46.2,53.8,0.86,5.95,0,0,1
"70301210","703 - Temaiku","7 - South Tarawa",38,0,38,0,0,0,0,1,38,182,91,91,50,50,1,6.07,0,0,1
"70301220","703 - Temaiku","7 - South Tarawa",55,0,55,0,0,0,0,0,55,212,96,116,45.3,54.7,0.83,4.71,0,0,1
"70301230","703 - Temaiku","7 - South Tarawa",49,0,49,30,0,0,0,4,49,236,126,110,53.4,46.6,1.15,4.82,0,61.2,1
"70401310","704 - Ananau Causeway","7 - South Tarawa",49,0,49,45,0,0,0,0,49,321,154,167,48,52,0.92,6.83,0,91.8,1
"70401320","704 - Ananau Causeway","7 - South Tarawa",43,0,43,35,0,0,0,0,43,265,132,133,49.8,50.2,0.99,6.16,0,81.4,1
"70401331","704 - Ananau Causeway","7 - South Tarawa",25,0,25,1,0,0,0,4,25,145,69,76,47.6,52.4,0.91,5.8,0,4,1
"70401332","704 - Ananau Causeway","7 - South Tarawa",40,0,40,9,0,0,0,0,40,228,123,105,53.9,46.1,1.17,6.51,0,22.5,1
"70401411","704 - Ananau Causeway","7 - South Tarawa",41,0,41,1,0,0,0,29,41,193,95,98,49.2,50.8,0.97,5.08,0,2.4,1
"70401412","704 - Ananau Causeway","7 - South Tarawa",27,0,27,0,0,0,0,0,27,152,74,78,48.7,51.3,0.95,6.33,0,0,1
"70401421","704 - Ananau Causeway","7 - South Tarawa",42,0,42,6,0,0,0,0,42,220,110,110,50,50,1,5.95,0,14.3,1
"70401422","704 - Ananau Causeway","7 - South Tarawa",31,0,31,0,0,0,0,0,31,170,80,90,47.1,52.9,0.89,5.48,0,0,1
"70401510","704 - Ananau Causeway","7 - South Tarawa",42,0,42,0,0,0,0,0,42,207,99,108,47.8,52.2,0.92,5.18,0,0,1
"70401521","704 - Ananau Causeway","7 - South Tarawa",29,2,27,0,0,0,0,24,29,145,66,79,45.5,54.5,0.84,5.58,6.9,0,1
"70401522","704 - Ananau Causeway","7 - South Tarawa",47,0,47,0,0,0,0,5,47,281,133,148,47.3,52.7,0.9,7.21,0,0,1
"70401601","704 - Ananau Causeway","7 - South Tarawa",27,0,27,0,0,0,0,0,27,161,73,88,45.3,54.7,0.83,7.32,0,0,1
"70401602","704 - Ananau Causeway","7 - South Tarawa",24,0,24,0,0,0,0,0,24,94,42,52,44.7,55.3,0.81,4.27,0,0,1
"70501710","705 - Bikenibeu","7 - South Tarawa",42,1,41,0,0,0,0,0,42,189,85,104,45,55,0.82,5.4,2.4,0,1
"70501720","705 - Bikenibeu","7 - South Tarawa",49,0,49,0,0,0,0,1,49,309,136,173,44,56,0.79,7.19,0,0,1
"70501721","705 - Bikenibeu","7 - South Tarawa",36,0,36,0,0,0,0,1,36,186,85,101,45.7,54.3,0.84,6,0,0,1
"70501800","705 - Bikenibeu","7 - South Tarawa",28,0,28,3,0,0,0,0,28,191,63,128,33,67,0.49,7.96,0,10.7,1
"70501901","705 - Bikenibeu","7 - South Tarawa",40,0,40,11,0,0,0,1,40,192,103,89,53.6,46.4,1.16,5.65,0,27.5,1
"70501902","705 - Bikenibeu","7 - South Tarawa",50,0,50,0,0,0,0,1,50,273,132,141,48.4,51.6,0.94,6.82,0,0,1
"70502000","705 - Bikenibeu","7 - South Tarawa",74,0,74,0,0,0,0,12,74,408,202,206,49.5,50.5,0.98,7.03,0,0,1
"70502100","705 - Bikenibeu","7 - South Tarawa",53,0,53,0,0,0,0,0,53,345,165,180,47.8,52.2,0.92,7.34,0,0,1
"70502210","705 - Bikenibeu","7 - South Tarawa",60,2,58,0,0,0,0,0,60,376,182,194,48.4,51.6,0.94,6.96,3.3,0,1
"70502220","705 - Bikenibeu","7 - South Tarawa",56,1,55,0,0,0,0,0,56,365,164,201,44.9,55.1,0.82,6.89,1.8,0,1
"70502230","705 - Bikenibeu","7 - South Tarawa",26,1,25,0,0,0,0,0,26,203,109,94,53.7,46.3,1.16,7.81,3.8,0,1
"70502301","705 - Bikenibeu","7 - South Tarawa",44,1,43,7,0,0,0,1,44,233,115,118,49.4,50.6,0.97,5.68,2.3,15.9,1
"70502302","705 - Bikenibeu","7 - South Tarawa",39,3,36,0,0,0,0,3,39,224,116,108,51.8,48.2,1.07,6.22,7.7,0,1
"70502401","705 - Bikenibeu","7 - South Tarawa",36,0,36,0,0,0,0,0,36,199,89,110,44.7,55.3,0.81,5.85,0,0,1
"70502402","705 - Bikenibeu","7 - South Tarawa",37,0,37,0,0,0,0,1,37,195,92,103,47.2,52.8,0.89,6.57,0,0,1
"70502511","705 - Bikenibeu","7 - South Tarawa",40,0,40,0,0,0,0,0,40,276,109,167,39.5,60.5,0.65,7.26,0,0,1
"70502512","705 - Bikenibeu","7 - South Tarawa",22,0,22,0,0,0,0,2,22,155,76,79,49,51,0.96,7.38,0,0,1
"70502520","705 - Bikenibeu","7 - South Tarawa",23,0,23,0,0,0,12,0,23,219,134,85,61.2,38.8,1.58,9.52,0,0,1
"70502600","705 - Bikenibeu","7 - South Tarawa",45,0,45,0,0,0,45,0,45,284,143,141,50.4,49.6,1.01,7.1,0,0,1
"70502700","705 - Bikenibeu","7 - South Tarawa",36,0,36,8,0,0,0,1,36,242,110,132,45.5,54.5,0.83,6.72,0,22.2,2
"70502810","705 - Bikenibeu","7 - South Tarawa",25,0,25,0,0,0,0,0,25,185,81,104,43.8,56.2,0.78,7.71,0,0,1
"70502820","705 - Bikenibeu","7 - South Tarawa",46,0,46,0,0,0,0,1,46,300,157,143,52.3,47.7,1.1,7.14,0,0,1
"70502910","705 - Bikenibeu","7 - South Tarawa",28,0,28,5,0,0,0,13,28,163,74,89,45.4,54.6,0.83,7.09,0,17.9,1
"70502920","705 - Bikenibeu","7 - South Tarawa",58,0,58,1,0,0,0,8,58,388,185,203,47.7,52.3,0.91,7.61,0,1.7,1
"70503010","705 - Bikenibeu","7 - South Tarawa",60,2,58,0,1,0,0,3,60,370,162,208,43.8,56.2,0.78,6.49,3.3,0,1
"70503020","705 - Bikenibeu","7 - South Tarawa",54,1,53,0,0,0,1,12,54,282,132,150,46.8,53.2,0.88,5.64,1.9,0,3
"70503110","705 - Bikenibeu","7 - South Tarawa",40,0,40,0,0,0,0,0,40,224,101,123,45.1,54.9,0.82,5.89,0,0,1
"70503120","705 - Bikenibeu","7 - South Tarawa",48,0,48,0,0,0,3,0,48,247,122,125,49.4,50.6,0.98,5.49,0,0,1
"70503201","705 - Bikenibeu","7 - South Tarawa",25,0,25,0,0,0,0,14,25,153,80,73,52.3,47.7,1.1,6.38,0,0,1
"70503202","705 - Bikenibeu","7 - South Tarawa",35,1,34,0,0,0,1,1,35,184,93,91,50.5,49.5,1.02,5.75,2.9,0,1
"70603311","706 - Abarao","7 - South Tarawa",49,0,49,0,0,0,0,3,49,241,124,117,51.5,48.5,1.06,5.02,0,0,2
"70603312","706 - Abarao","7 - South Tarawa",23,0,23,0,0,0,0,0,23,120,53,67,44.2,55.8,0.79,6.32,0,0,1
"70603320","706 - Abarao","7 - South Tarawa",49,2,47,0,0,0,49,0,49,301,143,158,47.5,52.5,0.91,6.69,4.1,0,1
"70603411","706 - Abarao","7 - South Tarawa",48,0,48,0,0,0,0,0,48,259,118,141,45.6,54.4,0.84,6.82,0,0,1
"70603412","706 - Abarao","7 - South Tarawa",43,0,43,0,0,0,0,0,43,198,85,113,42.9,57.1,0.75,5.66,0,0,1
"70603420","706 - Abarao","7 - South Tarawa",40,1,39,0,0,0,0,0,40,182,78,104,42.9,57.1,0.75,5.52,2.5,0,2
"70603430","706 - Abarao","7 - South Tarawa",41,0,41,0,0,0,0,0,41,201,92,109,45.8,54.2,0.84,5.74,0,0,2
"70603510","706 - Abarao","7 - South Tarawa",53,3,50,0,0,0,0,1,53,293,133,160,45.4,54.6,0.83,5.86,5.7,0,1
"70603520","706 - Abarao","7 - South Tarawa",37,0,37,0,0,0,0,1,37,252,116,136,46,54,0.85,7.64,0,0,1
"70603521","706 - Abarao","7 - South Tarawa",33,1,32,0,0,0,1,17,33,147,66,81,44.9,55.1,0.81,5.44,3,0,1
"70703610","707 - Eita","7 - South Tarawa",48,1,47,1,0,0,0,1,48,223,104,119,46.6,53.4,0.87,5.19,2.1,2.1,3
"70703611","707 - Eita","7 - South Tarawa",39,7,32,0,0,0,0,0,39,212,106,106,50,50,1,6.06,17.9,0,1
"70703621","707 - Eita","7 - South Tarawa",36,3,33,0,0,0,0,0,36,223,110,113,49.3,50.7,0.97,7.43,8.3,0,1
"70703622","707 - Eita","7 - South Tarawa",18,0,18,0,0,0,0,0,18,100,52,48,52,48,1.08,5.88,0,0,2
"70703623","707 - Eita","7 - South Tarawa",42,0,42,0,0,0,0,0,42,181,81,100,44.8,55.2,0.81,5.66,0,0,1
"70703710","707 - Eita","7 - South Tarawa",55,0,55,1,0,0,1,0,55,255,118,137,46.3,53.7,0.86,5.54,0,1.8,2
"70703721","707 - Eita","7 - South Tarawa",19,0,19,0,0,0,0,0,19,119,57,62,47.9,52.1,0.92,7,0,0,1
"70703722","707 - Eita","7 - South Tarawa",44,0,44,0,0,0,1,0,44,257,133,124,51.8,48.2,1.07,6.59,0,0,1
"70703810","707 - Eita","7 - South Tarawa",44,0,44,0,0,0,0,0,44,247,117,130,47.4,52.6,0.9,6.18,0,0,1
"70703820","707 - Eita","7 - South Tarawa",68,0,68,0,0,0,0,6,68,380,193,187,50.8,49.2,1.03,7.17,0,0,2
"70703830","707 - Eita","7 - South Tarawa",41,0,41,0,0,0,0,8,41,240,106,134,44.2,55.8,0.79,6.15,0,0,1
"70703910","707 - Eita","7 - South Tarawa",53,0,53,0,0,0,0,0,53,349,176,173,50.4,49.6,1.02,6.71,0,0,1
"70703921","707 - Eita","7 - South Tarawa",37,0,37,0,0,0,0,0,37,189,97,92,51.3,48.7,1.05,5.56,0,0,1
"70703922","707 - Eita","7 - South Tarawa",44,1,43,1,0,0,0,0,44,138,67,71,48.6,51.4,0.94,4.93,2.3,2.3,1
"70704011","707 - Eita","7 - South Tarawa",50,0,50,0,0,0,0,0,50,190,92,98,48.4,51.6,0.94,5.14,0,0,1
"70704012","707 - Eita","7 - South Tarawa",40,1,39,0,0,0,0,12,40,235,106,129,45.1,54.9,0.82,5.88,2.5,0,1
"70704020","707 - Eita","7 - South Tarawa",39,0,39,0,0,0,0,0,39,214,102,112,47.7,52.3,0.91,5.78,0,0,1
"70704021","707 - Eita","7 - South Tarawa",25,0,25,0,0,0,0,6,25,133,57,76,42.9,57.1,0.75,5.32,0,0,1
"70704030","707 - Eita","7 - South Tarawa",37,0,37,0,0,0,6,3,37,190,85,105,44.7,55.3,0.81,5.43,0,0,1
"70804100","708 - Tangintebu","7 - South Tarawa",39,0,39,0,0,0,0,0,39,193,88,105,45.6,54.4,0.84,5.68,0,0,1
"70904210","709 - Taborio","7 - South Tarawa",43,0,43,0,0,0,0,3,43,183,88,95,48.1,51.9,0.93,4.82,0,0,1
"70904221","709 - Taborio","7 - South Tarawa",29,0,29,2,0,0,0,7,29,118,51,67,43.2,56.8,0.76,4.92,0,6.9,1
"70904222","709 - Taborio","7 - South Tarawa",40,0,40,0,0,0,0,0,40,185,80,105,43.2,56.8,0.76,5.29,0,0,1
"70904230","709 - Taborio","7 - South Tarawa",48,2,46,18,0,0,0,6,48,238,100,138,42,58,0.72,6.26,4.2,37.5,1
"70904310","709 - Taborio","7 - South Tarawa",60,1,59,12,0,0,0,0,60,318,156,162,49.1,50.9,0.96,6,1.7,20,2
"70904320","709 - Taborio","7 - South Tarawa",58,0,58,0,0,0,0,1,58,320,152,168,47.5,52.5,0.9,5.82,0,0,2
"71004410","710 - Ambo","7 - South Tarawa",31,0,31,0,0,0,0,0,31,180,89,91,49.4,50.6,0.98,6.21,0,0,1
"71004411","710 - Ambo","7 - South Tarawa",21,0,21,0,0,0,0,0,21,87,43,44,49.4,50.6,0.98,5.8,0,0,1
"71004420","710 - Ambo","7 - South Tarawa",59,0,59,0,0,0,0,0,59,305,148,157,48.5,51.5,0.94,5.55,0,0,2
"71004431","710 - Ambo","7 - South Tarawa",31,0,31,0,0,0,0,5,31,146,72,74,49.3,50.7,0.97,6.08,0,0,2
"71004432","710 - Ambo","7 - South Tarawa",34,1,33,0,0,0,0,1,34,149,74,75,49.7,50.3,0.99,5.14,2.9,0,1
"71004441","710 - Ambo","7 - South Tarawa",47,0,47,0,0,0,1,0,47,244,113,131,46.3,53.7,0.86,5.95,0,0,1
"71004442","710 - Ambo","7 - South Tarawa",52,0,52,0,0,0,0,0,52,238,109,129,45.8,54.2,0.84,5.8,0,0,1
"71004510","710 - Ambo","7 - South Tarawa",48,0,48,0,0,0,0,0,48,257,133,124,51.8,48.2,1.07,6.42,0,0,1
"71004520","710 - Ambo","7 - South Tarawa",47,0,47,0,0,0,0,0,47,203,87,116,42.9,57.1,0.75,5.8,0,0,1
"71004531","710 - Ambo","7 - South Tarawa",36,0,36,0,0,0,0,0,36,102,46,56,45.1,54.9,0.82,5.1,0,0,1
"71004532","710 - Ambo","7 - South Tarawa",53,0,53,0,0,0,0,0,53,257,127,130,49.4,50.6,0.98,5.71,0,0,1
"71004610","710 - Ambo","7 - South Tarawa",39,0,39,0,0,0,0,0,39,145,69,76,47.6,52.4,0.91,4.53,0,0,1
"71004620","710 - Ambo","7 - South Tarawa",48,0,48,0,0,0,0,0,48,181,70,111,38.7,61.3,0.63,4.76,0,0,1
"71004630","710 - Ambo","7 - South Tarawa",43,0,43,18,0,0,0,0,43,195,91,104,46.7,53.3,0.88,5.91,0,41.9,1
"71004710","710 - Ambo","7 - South Tarawa",43,0,43,15,0,0,0,0,43,198,108,90,54.5,45.5,1.2,5.35,0,34.9,1
"71004721","710 - Ambo","7 - South Tarawa",33,0,33,17,0,0,0,0,33,140,64,76,45.7,54.3,0.84,4.52,0,51.5,1
"71004722","710 - Ambo","7 - South Tarawa",38,0,38,0,0,0,0,0,38,222,100,122,45,55,0.82,6.34,0,0,1
"71104811","711 - Banraeaba","7 - South Tarawa",45,1,44,0,0,0,0,0,45,178,93,85,52.2,47.8,1.09,4.94,2.2,0,1
"71104812","711 - Banraeaba","7 - South Tarawa",33,0,33,0,0,0,0,0,33,166,68,98,41,59,0.69,5.72,0,0,1
"71104820","711 - Banraeaba","7 - South Tarawa",55,2,53,0,0,0,0,0,55,341,166,175,48.7,51.3,0.95,7.41,3.6,0,1
"71104911","711 - Banraeaba","7 - South Tarawa",25,0,25,0,0,0,0,0,25,161,75,86,46.6,53.4,0.87,7,0,0,1
"71104912","711 - Banraeaba","7 - South Tarawa",41,0,41,0,0,0,0,0,41,223,116,107,52,48,1.08,6.76,0,0,1
"71104921","711 - Banraeaba","7 - South Tarawa",24,1,23,0,0,0,0,0,24,113,57,56,50.4,49.6,1.02,5.95,4.2,0,1
"71104922","711 - Banraeaba","7 - South Tarawa",26,0,26,0,0,0,0,1,26,136,66,70,48.5,51.5,0.94,6.18,0,0,1
"71105010","711 - Banraeaba","7 - South Tarawa",53,0,53,0,0,0,0,3,53,291,144,147,49.5,50.5,0.98,6.06,0,0,1
"71105020","711 - Banraeaba","7 - South Tarawa",46,0,46,0,0,0,0,1,46,223,103,120,46.2,53.8,0.86,5.72,0,0,1
"71105030","711 - Banraeaba","7 - South Tarawa",33,0,33,0,0,0,0,0,33,191,86,105,45,55,0.82,6.82,0,0,1
"71105110","711 - Banraeaba","7 - South Tarawa",52,0,52,0,0,0,5,0,52,260,130,130,50,50,1,6.34,0,0,1
"71105120","711 - Banraeaba","7 - South Tarawa",44,0,44,0,0,0,19,0,44,290,130,160,44.8,55.2,0.81,7.25,0,0,1
"71105130","711 - Banraeaba","7 - South Tarawa",42,0,42,0,0,0,0,0,42,139,59,80,42.4,57.6,0.74,4.79,0,0,1
"71105140","711 - Banraeaba","7 - South Tarawa",61,0,61,0,0,0,40,1,61,320,169,151,52.8,47.2,1.12,6.15,0,0,1
"71205210","712 - Antebuka","7 - South Tarawa",35,0,35,0,0,0,0,0,35,211,100,111,47.4,52.6,0.9,6.59,0,0,1
"71205211","712 - Antebuka","7 - South Tarawa",37,0,37,0,0,0,0,0,37,188,86,102,45.7,54.3,0.84,5.08,0,0,1
"71205220","712 - Antebuka","7 - South Tarawa",34,0,34,5,0,0,0,1,34,201,105,96,52.2,47.8,1.09,5.91,0,14.7,1
"71205310","712 - Antebuka","7 - South Tarawa",43,0,43,0,0,0,0,0,43,191,100,91,52.4,47.6,1.1,5.97,0,0,1
"71205311","712 - Antebuka","7 - South Tarawa",40,0,40,0,0,0,0,1,40,212,104,108,49.1,50.9,0.96,6.24,0,0,2
"71205320","712 - Antebuka","7 - South Tarawa",33,0,33,0,0,0,2,0,33,144,64,80,44.4,55.6,0.8,4.8,0,0,1
"71305411","713 - Teaoraereke","7 - South Tarawa",50,0,50,7,0,0,0,0,50,246,126,120,51.2,48.8,1.05,5.49,0,14,1
"71305412","713 - Teaoraereke","7 - South Tarawa",20,0,20,0,0,0,0,8,20,119,54,65,45.4,54.6,0.83,5.95,0,0,1
"71305421","713 - Teaoraereke","7 - South Tarawa",52,2,50,6,0,0,0,2,52,263,131,132,49.8,50.2,0.99,6.26,3.8,11.5,1
"71305422","713 - Teaoraereke","7 - South Tarawa",37,0,37,0,0,0,0,0,37,244,128,116,52.5,47.5,1.1,6.97,0,0,1
"71305511","713 - Teaoraereke","7 - South Tarawa",30,0,30,0,0,0,0,3,30,167,80,87,47.9,52.1,0.92,5.96,0,0,1
"71305512","713 - Teaoraereke","7 - South Tarawa",28,0,28,0,0,0,0,2,28,125,63,62,50.4,49.6,1.02,5,0,0,1
"71305520","713 - Teaoraereke","7 - South Tarawa",42,0,42,42,0,0,0,0,42,251,116,135,46.2,53.8,0.86,6.44,0,100,1
"71305611","713 - Teaoraereke","7 - South Tarawa",36,0,36,24,0,0,0,8,36,232,110,122,47.4,52.6,0.9,6.44,0,66.7,1
"71305612","713 - Teaoraereke","7 - South Tarawa",46,0,46,21,0,0,0,25,46,274,142,132,51.8,48.2,1.08,6.52,0,45.7,1
"71305621","713 - Teaoraereke","7 - South Tarawa",35,0,35,20,0,0,0,0,35,166,80,86,48.2,51.8,0.93,5.35,0,57.1,1
"71305622","713 - Teaoraereke","7 - South Tarawa",34,0,34,18,0,0,0,0,34,181,77,104,42.5,57.5,0.74,6.46,0,52.9,1
"71305711","713 - Teaoraereke","7 - South Tarawa",49,0,49,4,0,0,1,4,49,195,93,102,47.7,52.3,0.91,5.57,0,8.2,3
"71305712","713 - Teaoraereke","7 - South Tarawa",32,0,32,5,0,0,0,11,32,149,64,85,43,57,0.75,5.32,0,15.6,1
"71305721","713 - Teaoraereke","7 - South Tarawa",31,0,31,1,0,0,0,0,31,167,71,96,42.5,57.5,0.74,6.42,0,3.2,2
"71305722","713 - Teaoraereke","7 - South Tarawa",31,0,31,10,0,0,1,0,31,163,79,84,48.5,51.5,0.94,5.82,0,32.3,1
"71305810","713 - Teaoraereke","7 - South Tarawa",44,0,44,1,0,0,0,0,44,229,112,117,48.9,51.1,0.96,6.19,0,2.3,2
"71305820","713 - Teaoraereke","7 - South Tarawa",39,0,39,0,0,0,3,0,39,207,100,107,48.3,51.7,0.93,5.31,0,0,1
"71305831","713 - Teaoraereke","7 - South Tarawa",37,1,36,0,0,0,0,0,37,236,112,124,47.5,52.5,0.9,6.74,2.7,0,1
"71305832","713 - Teaoraereke","7 - South Tarawa",39,0,39,18,0,0,0,6,39,209,91,118,43.5,56.5,0.77,5.65,0,46.2,2
"71305911","713 - Teaoraereke","7 - South Tarawa",35,0,35,28,0,0,0,0,35,214,94,120,43.9,56.1,0.78,6.11,0,80,1
"71305912","713 - Teaoraereke","7 - South Tarawa",24,0,24,15,0,0,0,8,24,153,75,78,49,51,0.96,6.5,0,62.5,1
"71305921","713 - Teaoraereke","7 - South Tarawa",43,0,43,0,0,0,0,8,43,240,110,130,45.8,54.2,0.85,6.32,0,0,1
"71305922","713 - Teaoraereke","7 - South Tarawa",45,0,45,2,0,0,0,1,45,278,135,143,48.6,51.4,0.94,7.72,0,4.4,2
"71306010","713 - Teaoraereke","7 - South Tarawa",23,0,23,2,0,0,0,4,23,125,51,74,40.8,59.2,0.69,5.68,0,8.7,1
"71306020","713 - Teaoraereke","7 - South Tarawa",38,0,38,23,0,0,0,1,38,205,103,102,50.2,49.8,1.01,5.39,0,60.5,1
"71306030","713 - Teaoraereke","7 - South Tarawa",44,1,43,42,0,0,0,0,44,268,119,149,44.4,55.6,0.8,6.54,2.3,95.5,2
"71406110","714 - Nanikai","7 - South Tarawa",46,0,46,43,0,0,0,0,46,282,138,144,48.9,51.1,0.96,6.41,0,93.5,2
"71406121","714 - Nanikai","7 - South Tarawa",35,0,35,0,0,0,0,0,35,217,104,113,47.9,52.1,0.92,6.78,0,0,1
"71406122","714 - Nanikai","7 - South Tarawa",21,0,21,0,0,0,0,0,21,122,57,65,46.7,53.3,0.88,6.1,0,0,1
"71406210","714 - Nanikai","7 - South Tarawa",39,0,39,0,0,0,0,3,39,213,103,110,48.4,51.6,0.94,5.92,0,0,1
"71406221","714 - Nanikai","7 - South Tarawa",28,0,28,2,0,0,0,0,28,180,82,98,45.6,54.4,0.84,6.43,0,7.1,2
"71406222","714 - Nanikai","7 - South Tarawa",37,0,37,12,0,0,0,0,37,207,94,113,45.4,54.6,0.83,6.27,0,32.4,2
"71506310","715 - Bairiki","7 - South Tarawa",36,1,35,30,0,0,0,6,36,256,128,128,50,50,1,7.71,2.8,83.3,2
"71506320","715 - Bairiki","7 - South Tarawa",25,0,25,1,0,0,0,0,25,113,60,53,53.1,46.9,1.13,5.95,0,4,1
"71506410","715 - Bairiki","7 - South Tarawa",35,0,35,1,0,0,3,0,35,156,71,85,45.5,54.5,0.84,5.2,0,2.9,1
"71506420","715 - Bairiki","7 - South Tarawa",45,0,45,0,0,0,6,0,45,237,112,125,47.3,52.7,0.9,6.08,0,0,1
"71506510","715 - Bairiki","7 - South Tarawa",28,0,28,0,0,0,1,21,28,210,116,94,55.2,44.8,1.23,8.08,0,0,2
"71506520","715 - Bairiki","7 - South Tarawa",36,0,36,0,0,0,0,5,36,286,152,134,53.1,46.9,1.13,8.17,0,0,1
"71506610","715 - Bairiki","7 - South Tarawa",28,0,28,26,0,0,0,0,28,167,76,91,45.5,54.5,0.84,6.96,0,92.9,1
"71506620","715 - Bairiki","7 - South Tarawa",21,0,21,10,0,0,0,0,21,156,72,84,46.2,53.8,0.86,8.21,0,47.6,1
"71506710","715 - Bairiki","7 - South Tarawa",27,0,27,25,0,0,0,2,27,149,78,71,52.3,47.7,1.1,6.48,0,92.6,1
"71506720","715 - Bairiki","7 - South Tarawa",22,1,21,8,0,0,0,13,22,117,46,71,39.3,60.7,0.65,5.32,4.5,36.4,3
"71506811","715 - Bairiki","7 - South Tarawa",29,0,29,9,0,0,0,20,29,176,74,102,42,58,0.73,7.04,0,31,1
"71506812","715 - Bairiki","7 - South Tarawa",8,0,8,0,0,0,0,7,8,44,24,20,54.5,45.5,1.2,5.5,0,0,1
"71506821","715 - Bairiki","7 - South Tarawa",38,1,37,0,0,0,0,0,38,198,96,102,48.5,51.5,0.94,5.35,2.6,0,1
"71506822","715 - Bairiki","7 - South Tarawa",43,0,43,0,0,0,3,1,43,236,105,131,44.5,55.5,0.8,6.56,0,0,1
"71506823","715 - Bairiki","7 - South Tarawa",15,0,15,0,0,0,0,10,15,82,39,43,47.6,52.4,0.91,6.31,0,0,1
"71606900","716 - Betio_East","7 - South Tarawa",48,0,48,2,0,0,0,0,48,175,90,85,51.4,48.6,1.06,5.47,0,4.2,2
"71607001","716 - Betio_East","7 - South Tarawa",17,0,17,0,0,0,0,11,17,119,66,53,55.5,44.5,1.25,7,0,0,2
"71607002","716 - Betio_East","7 - South Tarawa",38,0,38,0,0,0,0,13,38,269,143,126,53.2,46.8,1.13,7.27,0,0,1
"71607110","716 - Betio_East","7 - South Tarawa",54,3,51,0,0,0,0,1,54,303,156,147,51.5,48.5,1.06,5.94,5.6,0,2
"71607120","716 - Betio_East","7 - South Tarawa",45,0,45,0,0,0,0,1,45,278,160,118,57.6,42.4,1.36,7.13,0,0,1
"71607210","716 - Betio_East","7 - South Tarawa",42,0,42,0,0,0,0,0,42,258,124,134,48.1,51.9,0.93,6.79,0,0,1
"71607221","716 - Betio_East","7 - South Tarawa",21,14,7,1,0,0,0,1,21,123,60,63,48.8,51.2,0.95,6.83,66.7,4.8,2
"71607222","716 - Betio_East","7 - South Tarawa",32,0,32,1,0,0,0,0,32,164,85,79,51.8,48.2,1.08,6.31,0,3.1,1
"71607311","716 - Betio_East","7 - South Tarawa",22,2,20,0,0,0,0,8,22,94,43,51,45.7,54.3,0.84,4.48,9.1,0,1
"71607312","716 - Betio_East","7 - South Tarawa",34,3,31,0,0,0,0,11,34,235,121,114,51.5,48.5,1.06,7.34,8.8,0,2
"71607320","716 - Betio_East","7 - South Tarawa",53,0,53,0,0,0,0,0,53,312,149,163,47.8,52.2,0.91,6.5,0,0,1
"71607400","716 - Betio_East","7 - South Tarawa",54,0,54,3,0,0,0,0,54,363,175,188,48.2,51.8,0.93,6.98,0,5.6,1
"71607500","716 - Betio_East","7 - South Tarawa",33,0,33,0,0,0,0,0,33,228,108,120,47.4,52.6,0.9,7.35,0,0,1
"71607501","716 - Betio_East","7 - South Tarawa",24,21,3,0,0,0,0,4,24,172,73,99,42.4,57.6,0.74,7.17,87.5,0,1
"71607610","716 - Betio_East","7 - South Tarawa",34,14,20,0,0,0,0,1,34,232,114,118,49.1,50.9,0.97,7.25,41.2,0,1
"71607621","716 - Betio_East","7 - South Tarawa",36,30,6,13,0,0,0,0,36,200,90,110,45,55,0.82,6.25,83.3,36.1,1
"71607622","716 - Betio_East","7 - South Tarawa",26,0,26,0,0,0,0,9,26,170,77,93,45.3,54.7,0.83,7.08,0,0,1
"71607711","716 - Betio_East","7 - South Tarawa",40,0,40,2,0,0,0,0,40,245,116,129,47.3,52.7,0.9,6.12,0,5,1
"71607712","716 - Betio_East","7 - South Tarawa",22,0,22,4,0,0,0,0,22,157,81,76,51.6,48.4,1.07,7.48,0,18.2,1
"71607720","716 - Betio_East","7 - South Tarawa",42,0,42,0,0,0,0,0,42,270,124,146,45.9,54.1,0.85,7.71,0,0,1
"71607801","716 - Betio_East","7 - South Tarawa",25,0,25,0,0,0,0,0,25,163,86,77,52.8,47.2,1.12,6.79,0,0,1
"71607802","716 - Betio_East","7 - South Tarawa",18,0,18,3,0,0,0,7,18,72,36,36,50,50,1,4.5,0,16.7,1
"71607910","716 - Betio_East","7 - South Tarawa",62,0,62,12,0,0,0,4,62,337,165,172,49,51,0.96,6.13,0,19.4,1
"71607921","716 - Betio_East","7 - South Tarawa",27,1,26,9,0,0,0,0,27,232,107,125,46.1,53.9,0.86,9.28,3.7,33.3,1
"71607922","716 - Betio_East","7 - South Tarawa",35,0,35,13,0,0,0,5,35,273,124,149,45.4,54.6,0.83,7.8,0,37.1,1
"71608000","716 - Betio_East","7 - South Tarawa",46,0,46,0,0,0,0,0,46,291,134,157,46,54,0.85,6.77,0,0,1
"71608110","716 - Betio_East","7 - South Tarawa",49,0,49,0,0,0,0,1,49,326,154,172,47.2,52.8,0.9,7.13,0,0,1
"71608120","716 - Betio_East","7 - South Tarawa",57,1,56,0,0,0,0,0,57,304,139,165,45.7,54.3,0.84,6.33,1.8,0,1
"71608211","716 - Betio_East","7 - South Tarawa",22,1,21,12,0,0,0,2,22,124,60,64,48.4,51.6,0.94,6.89,4.5,54.5,1
"71608212","716 - Betio_East","7 - South Tarawa",43,4,39,3,0,0,5,0,43,233,125,108,53.6,46.4,1.16,6.66,9.3,7,1
"71608220","716 - Betio_East","7 - South Tarawa",33,1,32,0,0,0,0,0,33,196,102,94,52,48,1.09,6.53,3,0,1
"71608300","716 - Betio_East","7 - South Tarawa",44,1,43,0,0,0,0,3,44,323,150,173,46.4,53.6,0.87,7.51,2.3,0,1
"71608401","716 - Betio_East","7 - South Tarawa",22,0,22,17,0,0,0,0,22,144,64,80,44.4,55.6,0.8,6.55,0,77.3,1
"71608402","716 - Betio_East","7 - South Tarawa",34,0,34,0,0,0,0,5,34,210,102,108,48.6,51.4,0.94,7,0,0,1
"71608510","716 - Betio_East","7 - South Tarawa",48,3,45,4,0,0,0,0,48,265,124,141,46.8,53.2,0.88,6.16,6.2,8.3,1
"71608521","716 - Betio_East","7 - South Tarawa",33,0,33,1,0,0,0,0,33,193,91,102,47.2,52.8,0.89,6.66,0,3,1
"71608522","716 - Betio_East","7 - South Tarawa",35,1,34,0,0,0,0,1,35,201,96,105,47.8,52.2,0.91,6.93,2.9,0,1
"71608610","716 - Betio_East","7 - South Tarawa",33,10,23,15,0,0,0,12,33,239,116,123,48.5,51.5,0.94,7.24,30.3,45.5,1
"71608620","716 - Betio_East","7 - South Tarawa",49,2,47,0,0,0,0,0,49,279,135,144,48.4,51.6,0.94,5.94,4.1,0,1
"71608711","716 - Betio_East","7 - South Tarawa",29,0,29,1,0,0,0,0,29,190,83,107,43.7,56.3,0.78,6.55,0,3.4,1
"71608712","716 - Betio_East","7 - South Tarawa",19,1,18,0,0,0,0,0,19,118,54,64,45.8,54.2,0.84,6.56,5.3,0,1
"71608720","716 - Betio_East","7 - South Tarawa",39,1,38,0,0,0,0,0,39,211,104,107,49.3,50.7,0.97,6.03,2.6,0,1
"71608810","716 - Betio_East","7 - South Tarawa",49,0,49,0,0,0,0,37,49,275,123,152,44.7,55.3,0.81,5.73,0,0,1
"71608821","716 - Betio_East","7 - South Tarawa",26,0,26,0,0,0,0,6,26,152,64,88,42.1,57.9,0.73,6.33,0,0,1
"71608822","716 - Betio_East","7 - South Tarawa",46,0,46,29,0,0,0,0,46,259,125,134,48.3,51.7,0.93,6.02,0,63,1
"71608901","716 - Betio_East","7 - South Tarawa",19,1,18,3,0,0,0,12,19,141,69,72,48.9,51.1,0.96,8.44,5.3,15.8,2
"71608902","716 - Betio_East","7 - South Tarawa",44,0,44,2,0,0,0,0,44,331,164,167,49.5,50.5,0.98,7.7,0,4.5,1
"71609001","716 - Betio_East","7 - South Tarawa",46,0,46,2,0,0,0,0,46,266,125,141,47,53,0.89,6.33,0,4.3,2
"71609002","716 - Betio_East","7 - South Tarawa",21,0,21,1,0,0,0,0,21,115,54,61,47,53,0.89,6.05,0,4.8,1
"71609110","716 - Betio_East","7 - South Tarawa",38,0,38,0,0,0,0,0,38,276,129,147,46.7,53.3,0.88,7.46,0,0,1
"71609120","716 - Betio_East","7 - South Tarawa",49,4,45,0,0,0,0,0,49,299,148,151,49.5,50.5,0.98,6.64,8.2,0,1
"71609210","716 - Betio_East","7 - South Tarawa",37,0,37,0,0,0,0,0,37,209,98,111,46.9,53.1,0.88,6.15,0,0,1
"71609221","716 - Betio_East","7 - South Tarawa",20,2,18,2,0,0,8,6,20,100,49,51,49,51,0.96,5.88,10,10,1
"71609222","716 - Betio_East","7 - South Tarawa",33,4,29,0,0,0,32,0,33,199,109,90,54.8,45.2,1.21,6.25,12.1,0,1
"71609301","716 - Betio_East","7 - South Tarawa",45,0,45,0,0,0,45,0,45,204,95,109,46.6,53.4,0.87,5.23,0,0,1
"71609302","716 - Betio_East","7 - South Tarawa",29,0,29,0,0,0,0,0,29,195,85,110,43.6,56.4,0.77,7.22,0,0,1
"71609410","716 - Betio_East","7 - South Tarawa",37,0,37,0,0,0,0,0,37,230,115,115,50,50,1,7.42,0,0,1
"71609420","716 - Betio_East","7 - South Tarawa",49,0,49,0,0,0,0,0,49,260,133,127,51.2,48.8,1.05,6.84,0,0,1
"71609511","716 - Betio_East","7 - South Tarawa",27,0,27,0,0,0,0,0,27,128,66,62,51.6,48.4,1.06,6.4,0,0,1
"71609512","716 - Betio_East","7 - South Tarawa",31,0,31,0,0,0,0,1,31,121,55,66,45.5,54.5,0.83,5.26,0,0,1
"71609520","716 - Betio_East","7 - South Tarawa",54,0,54,1,0,0,0,0,54,240,128,112,53.3,46.7,1.14,5.11,0,1.9,1
"71609610","716 - Betio_East","7 - South Tarawa",39,2,37,0,0,0,0,0,39,189,93,96,49.2,50.8,0.97,6.3,5.1,0,1
"71609620","716 - Betio_East","7 - South Tarawa",53,0,53,0,0,0,0,0,53,253,111,142,43.9,56.1,0.78,5.27,0,0,1
"71609710","716 - Betio_East","7 - South Tarawa",66,0,66,0,0,0,0,0,66,302,137,165,45.4,54.6,0.83,4.87,0,0,1
"71609720","716 - Betio_East","7 - South Tarawa",42,0,42,0,0,0,0,0,42,224,110,114,49.1,50.9,0.96,5.89,0,0,1
"71609731","716 - Betio_East","7 - South Tarawa",42,0,42,0,0,0,1,0,42,221,93,128,42.1,57.9,0.73,5.67,0,0,1
"71609732","716 - Betio_East","7 - South Tarawa",24,1,23,0,0,0,0,0,24,101,46,55,45.5,54.5,0.84,4.59,4.2,0,1
"71609810","716 - Betio_East","7 - South Tarawa",34,0,34,0,0,0,0,0,34,113,57,56,50.4,49.6,1.02,4.18,0,0,1
"71609821","716 - Betio_East","7 - South Tarawa",24,0,24,1,0,0,0,0,24,145,71,74,49,51,0.96,6.9,0,4.2,1
"71609822","716 - Betio_East","7 - South Tarawa",22,0,22,0,0,0,0,0,22,137,66,71,48.2,51.8,0.93,6.85,0,0,1
"71609911","716 - Betio_East","7 - South Tarawa",11,0,11,0,0,0,0,0,11,51,28,23,54.9,45.1,1.22,5.1,0,0,2
"71609912","716 - Betio_East","7 - South Tarawa",6,0,6,2,0,0,0,0,6,29,13,16,44.8,55.2,0.81,7.25,0,33.3,1
"71609920","716 - Betio_East","7 - South Tarawa",31,0,31,23,0,0,0,0,31,212,103,109,48.6,51.4,0.94,6.84,0,74.2,1
"71610010","716 - Betio_East","7 - South Tarawa",38,0,38,0,0,0,0,0,38,209,104,105,49.8,50.2,0.99,5.81,0,0,1
"71610020","716 - Betio_East","7 - South Tarawa",27,1,26,7,0,0,0,1,27,142,76,66,53.5,46.5,1.15,5.68,3.7,25.9,1
"71610110","716 - Betio_East","7 - South Tarawa",27,0,27,0,0,0,0,6,27,82,34,48,41.5,58.5,0.71,4.1,0,0,1
"71610120","716 - Betio_East","7 - South Tarawa",34,0,34,11,0,0,0,0,34,146,74,72,50.7,49.3,1.03,5.84,0,32.4,2
"80100100","801 - Tebikerai","8 - Maiana",32,0,32,0,0,0,0,0,32,100,52,48,52,48,1.08,4.35,0,0,1
"80200200","802 - Tekaranga","8 - Maiana",49,0,49,0,0,0,0,0,49,176,82,94,46.6,53.4,0.87,4.89,0,0,1
"80300300","803 - Tematantongo","8 - Maiana",47,0,47,0,0,0,0,0,47,207,114,93,55.1,44.9,1.23,5.75,0,0,1
"80400400","804 - Aobike","8 - Maiana",37,0,37,0,0,0,0,0,37,98,46,52,46.9,53.1,0.88,3.63,0,0,1
"80500501","805 - Tebanga","8 - Maiana",48,0,48,0,0,0,0,0,48,164,81,83,49.4,50.6,0.98,3.9,0,0,1
"80500502","805 - Tebanga","8 - Maiana",25,0,25,0,0,0,0,0,25,72,30,42,41.7,58.3,0.71,3.79,0,0,1
"80600600","806 - Temwangaua","8 - Maiana",45,0,45,0,0,0,0,0,45,184,91,93,49.5,50.5,0.98,5.94,0,0,1
"80700700","807 - Toora","8 - Maiana",54,1,53,0,0,0,0,0,54,181,89,92,49.2,50.8,0.97,3.93,1.9,0,1
"80800800","808 - Tebwangetua","8 - Maiana",29,0,29,0,0,0,0,0,29,84,42,42,50,50,1,4.2,0,0,1
"80900900","809 - Teitai","8 - Maiana",12,1,11,0,0,0,0,1,12,36,18,18,50,50,1,4.5,8.3,0,1
"81001000","810 - Tebiauea","8 - Maiana",51,0,51,0,0,0,0,2,51,178,88,90,49.4,50.6,0.98,4.94,0,0,2
"81101100","811 - Raweai","8 - Maiana",76,0,76,0,0,0,0,4,76,300,149,151,49.7,50.3,0.99,5.66,0,0,1
"81201201","812 - Bubutei","8 - Maiana",48,0,48,0,0,0,0,0,48,174,92,82,52.9,47.1,1.12,5.12,0,0,1
"81201202","812 - Bubutei","8 - Maiana",64,0,64,0,0,0,0,0,64,199,100,99,50.3,49.7,1.01,4.52,0,0,1
"81201203","812 - Bubutei","8 - Maiana",44,0,44,0,0,0,0,0,44,155,78,77,50.3,49.7,1.01,4.31,0,0,1
"90100100","901 - Abatiku","9 - Abemama",69,0,69,0,0,0,0,0,69,200,93,107,46.5,53.5,0.87,3.7,0,0,1
"90200201","902 - Tabiang","9 - Abemama",63,0,63,0,0,0,0,0,63,184,97,87,52.7,47.3,1.11,3.61,0,0,1
"90200202","902 - Tabiang","9 - Abemama",57,0,57,0,0,0,0,0,57,181,85,96,47,53,0.89,3.85,0,0,1
"90200203","902 - Tabiang","9 - Abemama",33,0,33,0,0,0,0,0,33,118,54,64,45.8,54.2,0.84,4.54,0,0,1
"90200204","902 - Tabiang","9 - Abemama",51,0,51,0,0,0,0,3,51,314,171,143,54.5,45.5,1.2,7.85,0,0,1
"90300300","903 - Tekatirirake","9 - Abemama",60,0,60,0,0,0,0,0,60,234,118,116,50.4,49.6,1.02,5.44,0,0,1
"90400400","904 - Tanimainiku","9 - Abemama",47,0,47,0,0,0,0,0,47,153,73,80,47.7,52.3,0.91,4.64,0,0,1
"90500500","905 - Kauma","9 - Abemama",36,1,35,0,0,0,0,1,36,470,239,231,50.9,49.1,1.03,15.16,2.8,0,1
"90600600","906 - Baretoa","9 - Abemama",56,0,56,0,0,0,0,0,56,231,115,116,49.8,50.2,0.99,4.44,0,0,1
"90700700","907 - Tabontebike","9 - Abemama",11,0,11,0,0,0,0,0,11,41,23,18,56.1,43.9,1.28,4.56,0,0,1
"90800801","908 - Kariatebike","9 - Abemama",36,0,36,0,0,0,0,0,36,154,76,78,49.4,50.6,0.97,4.97,0,0,2
"90800802","908 - Kariatebike","9 - Abemama",49,0,49,0,0,0,0,0,49,198,104,94,52.5,47.5,1.11,4.5,0,0,1
"90800803","908 - Kariatebike","9 - Abemama",36,0,36,0,0,0,0,3,36,134,68,66,50.7,49.3,1.03,4.32,0,0,1
"90900901","909 - Bangotantekabaia","9 - Abemama",48,0,48,0,0,0,0,1,48,501,219,282,43.7,56.3,0.78,11.39,0,0,1
"90900902","909 - Bangotantekabaia","9 - Abemama",36,0,36,0,0,0,0,0,36,136,63,73,46.3,53.7,0.86,4.39,0,0,1
"91001001","910 - Tebanga","9 - Abemama",44,0,44,0,0,0,1,2,44,139,70,69,50.4,49.6,1.01,3.86,0,0,1
"91001002","910 - Tebanga","9 - Abemama",35,0,35,0,0,0,0,0,35,123,60,63,48.8,51.2,0.95,3.84,0,0,1
"91101101","911 - Manoku","9 - Abemama",31,0,31,0,0,0,0,0,31,79,36,43,45.6,54.4,0.84,3.04,0,0,1
"91101102","911 - Manoku","9 - Abemama",48,0,48,0,0,0,0,1,48,155,80,75,51.6,48.4,1.07,3.69,0,0,1
"91201201","912 - Kabangaki","9 - Abemama",80,1,79,0,0,0,0,1,80,225,112,113,49.8,50.2,0.99,3.57,1.2,0,2
"91201202","912 - Kabangaki","9 - Abemama",22,1,21,0,0,0,0,0,22,70,38,32,54.3,45.7,1.19,3.89,4.5,0,1
"91201203","912 - Kabangaki","9 - Abemama",45,0,45,0,0,0,0,0,45,164,93,71,56.7,43.3,1.31,4.43,0,0,1
"91301300","913 - Bike","9 - Abemama",6,0,6,0,0,0,0,0,6,0,0,0,NA,NA,NA,NA,0,0,1
"91401400","914 - Karekentekabaia","9 - Abemama",46,0,46,0,0,0,0,0,46,196,95,101,48.5,51.5,0.94,4.78,0,0,1
